#id,timestamp|gmt_local_diff_sec|gmt_servertime_diff_sec,name,lat,lon,bikes,spaces,installed,locked,temporary,total_docks,givesbonus_acceptspedelecs_fbbattlevel,pedelecs
1,1661426821|-3600|-3600,"River Street , Clerkenwell",51.52916347,-0.109970527,2,17,true,false,false,19,false,0
2,1661426821|-3600|-3600,"Phillimore Gardens, Kensington",51.49960695,-0.197574246,3,34,true,false,false,37,false,0
3,1661426821|-3600|-3600,"Christopher Street, Liverpool Street",51.52128377,-0.084605692,7,24,true,false,false,32,false,0
4,1661426821|-3600|-3600,"St. Chad's Street, King's Cross",51.53005939,-0.120973687,11,9,true,false,false,23,false,0
5,1661426821|-3600|-3600,"Sedding Street, Sloane Square",51.49313,-0.156876,4,23,true,false,false,27,false,0
6,1661426821|-3600|-3600,"Broadcasting House, Marylebone",51.51811784,-0.144228881,3,14,true,false,false,18,false,0
7,1661426821|-3600|-3600,"Charlbert Street, St. John's Wood",51.53430039,-0.1680743,8,7,true,false,false,16,false,0
8,1661426821|-3600|-3600,"Maida Vale, Maida Vale",51.529857,-0.18348604,8,30,true,false,false,39,false,0
9,1661426821|-3600|-3600,"New Globe Walk, Bankside",51.5073853,-0.096440751,10,9,true,false,false,19,false,0
10,1661426821|-3600|-3600,"Park Street, Bankside",51.50597426,-0.092754157,4,13,true,false,false,18,false,0
11,1661426821|-3600|-3600,"Brunswick Square, Bloomsbury",51.52395143,-0.122502346,10,11,true,false,false,24,false,0
12,1661426821|-3600|-3600,"Malet Street, Bloomsbury",51.52168078,-0.130431727,13,36,true,false,false,49,false,0
13,1661426821|-3600|-3600,"Scala Street, Fitzrovia",51.51991453,-0.136039674,6,15,true,false,false,21,false,0
14,1661426821|-3600|-3600,"Belgrove Street , King's Cross",51.52994371,-0.123616824,39,7,true,false,false,48,false,0
15,1661426821|-3600|-3600,"Great Russell Street, Bloomsbury",51.51772703,-0.127854211,6,19,true,false,false,26,false,0
16,1661426821|-3600|-3600,"Cartwright Gardens , Bloomsbury",51.52635795,-0.125979294,0,21,true,false,false,21,false,0
17,1661426821|-3600|-3600,"Hatton Wall, Holborn",51.5216612,-0.109006325,4,21,true,false,false,26,false,0
18,1661426821|-3600|-3600,"Drury Lane, Covent Garden",51.51477076,-0.12221963,0,26,true,false,false,27,false,0
19,1661426821|-3600|-3600,"Taviton Street, Bloomsbury",51.52505093,-0.131161087,2,27,true,false,false,30,false,0
20,1661426821|-3600|-3600,"Drummond Street , Euston",51.527326,-0.13605286,13,13,true,false,false,28,false,0
21,1661426821|-3600|-3600,"Lansdowne Drive, Hackney Central",51.539834,-0.062806212,17,9,true,false,false,26,false,0
22,1661426821|-3600|-3600,"Northington Street , Holborn",51.5222641,-0.114079481,3,15,true,false,false,19,false,0
23,1661426821|-3600|-3600,"Red Lion Square, Holborn",51.51943538,-0.119123345,2,14,true,false,false,16,false,0
24,1661426821|-3600|-3600,"British Museum, Bloomsbury",51.51908011,-0.124678402,1,33,true,false,false,35,false,0
25,1661426821|-3600|-3600,"Doric Way , Somers Town",51.5288338,-0.132250369,10,38,true,false,false,50,false,0
26,1661426821|-3600|-3600,"Ampton Street , Clerkenwell",51.52728093,-0.11829517,4,17,true,false,false,21,false,0
27,1661426821|-3600|-3600,"Bouverie Street, Temple",51.51382102,-0.107927706,4,29,true,false,false,33,false,0
28,1661426821|-3600|-3600,"Bolsover Street, Fitzrovia",51.52351808,-0.143613641,1,16,true,false,false,19,false,0
29,1661426821|-3600|-3600,"Hereford Road, Bayswater",51.513735,-0.193487,7,15,true,false,false,22,false,0
30,1661426821|-3600|-3600,"Windsor Terrace, Hoxton",51.52915444,-0.093421615,3,20,true,false,false,24,false,0
31,1661426821|-3600|-3600,"Fanshaw Street, Hoxton",51.52953709,-0.083353323,17,17,true,false,false,36,false,0
32,1661426821|-3600|-3600,"Leonard Circus , Shoreditch",51.52469624,-0.084439283,15,26,true,false,false,43,false,0
34,1661426821|-3600|-3600,"Pancras Road, King's Cross",51.5341235,-0.129386874,16,0,true,false,false,16,false,0
36,1661426821|-3600|-3600,"De Vere Gardens, Kensington",51.50173726,-0.184980612,17,10,true,false,false,28,false,0
37,1661426821|-3600|-3600,"Penywern Road, Earl's Court",51.49159394,-0.192369256,15,2,true,false,false,17,false,0
38,1661426821|-3600|-3600,"Abingdon Villas, Kensington",51.4973875,-0.197245586,8,9,true,false,false,17,false,0
39,1661426821|-3600|-3600,"Shoreditch High Street, Shoreditch",51.5263778,-0.078130921,8,32,true,false,false,41,false,0
40,1661426821|-3600|-3600,"Commercial Street, Shoreditch",51.52127071,-0.0755789,1,15,true,false,false,16,false,0
41,1661426821|-3600|-3600,"Pindar Street, Liverpool Street",51.520955,-0.083493552,0,23,true,false,false,24,false,0
42,1661426821|-3600|-3600,"Wenlock Road , Hoxton",51.53099181,-0.093903825,9,19,true,false,false,28,false,0
43,1661426821|-3600|-3600,"Crawford Street, Marylebone",51.52026,-0.157183945,0,17,true,false,false,18,false,0
44,1661426821|-3600|-3600,"Bruton Street, Mayfair",51.51073687,-0.144165239,8,12,true,false,false,21,false,0
45,1661426821|-3600|-3600,"Boston Place, Marylebone",51.522511,-0.162298,10,16,true,false,false,26,false,0
46,1661426821|-3600|-3600,"Nesham Street, Wapping",51.507131,-0.06691,6,4,true,false,false,16,false,0
47,1661426821|-3600|-3600,"Warwick Avenue Station, Maida Vale",51.52334476,-0.183846408,17,1,true,false,false,19,false,0
48,1661426821|-3600|-3600,"Godliman Street, St. Paul's",51.51248445,-0.099141408,5,16,true,false,false,25,false,0
49,1661426821|-3600|-3600,"Curzon Street, Mayfair",51.50706909,-0.145904427,6,9,true,false,false,16,false,0
50,1661426821|-3600|-3600,"East Road, Hoxton",51.52867339,-0.087459376,1,23,true,false,false,27,false,0
51,1661426821|-3600|-3600,"Finsbury Library , Finsbury",51.52671796,-0.104298194,8,21,true,false,false,29,false,0
52,1661426821|-3600|-3600,"Roscoe Street, St. Luke's",51.52295439,-0.094934859,0,18,true,false,false,18,false,0
53,1661426821|-3600|-3600,"Grafton Street, Mayfair",51.5099923,-0.143495266,1,17,true,false,false,18,false,0
54,1661426821|-3600|-3600,"Golden Lane, Barbican",51.52174785,-0.094475072,0,26,true,false,false,27,false,0
55,1661426821|-3600|-3600,"Finsbury Circus, Liverpool Street",51.51707521,-0.086685542,6,26,true,false,false,33,false,0
56,1661426821|-3600|-3600,"Paddington Street, Marylebone",51.52058381,-0.154701411,2,14,true,false,false,16,false,0
57,1661426821|-3600|-3600,"Guilford Street , Bloomsbury",51.52334672,-0.120202614,14,18,true,false,false,32,false,0
58,1661426821|-3600|-3600,"New Inn Yard, Shoreditch",51.52452699,-0.079248081,5,12,true,false,false,20,false,0
60,1661426821|-3600|-3600,"Lisson Grove, St. John's Wood",51.52644828,-0.172190727,9,9,true,false,false,18,false,0
61,1661426821|-3600|-3600,"Great Dover Street, The Borough",51.49738251,-0.089446947,21,11,true,false,false,33,false,0
62,1661426821|-3600|-3600,"Cotton Garden Estate, Kennington",51.4907579,-0.106323685,6,18,true,false,false,24,false,0
63,1661426821|-3600|-3600,"Murray Grove , Hoxton",51.53089041,-0.089782579,9,14,true,false,false,27,false,0
64,1661426821|-3600|-3600,"William IV Street, Strand",51.50946212,-0.124749274,6,18,true,false,false,26,false,0
65,1661426821|-3600|-3600,"Gower Place , Euston",51.52522753,-0.13518856,0,16,true,false,false,17,false,0
66,1661426821|-3600|-3600,"Holborn Circus, Holborn",51.51795029,-0.108657431,20,17,true,false,false,40,false,0
67,1661426821|-3600|-3600,"Hatton Garden, Holborn",51.51882555,-0.108028472,8,19,true,false,false,28,false,0
68,1661426821|-3600|-3600,"Theobald's Road , Holborn",51.52059681,-0.116688468,2,23,true,false,false,26,false,0
69,1661426821|-3600|-3600,"Euston Road, Euston",51.5262363,-0.134407652,1,22,true,false,false,24,false,0
70,1661426821|-3600|-3600,"Calshot Street , King's Cross",51.53136059,-0.117069978,0,24,true,false,false,24,false,0
71,1661426821|-3600|-3600,"Newgate Street , St. Paul's",51.5154186,-0.098850915,5,25,true,false,false,34,false,0
72,1661426821|-3600|-3600,"Farringdon Lane, Clerkenwell",51.52352001,-0.108340165,1,15,true,false,false,16,false,0
73,1661426821|-3600|-3600,"Old Street Station, St. Luke's",51.52548,-0.089659871,8,19,true,false,false,29,false,0
74,1661426821|-3600|-3600,"Vauxhall Cross, Vauxhall",51.48591714,-0.124469948,9,5,true,false,false,17,false,0
75,1661426821|-3600|-3600,"Torrens Street, Angel",51.53219984,-0.105480698,2,15,true,false,false,19,false,0
76,1661426821|-3600|-3600,"Longford Street, The Regent's Park",51.52559505,-0.144083893,1,18,true,false,false,21,false,0
77,1661426821|-3600|-3600,"Russell Square Station, Bloomsbury",51.52341837,-0.124121774,9,13,true,false,false,26,false,0
78,1661426821|-3600|-3600,"Sadlers Sports Centre, Finsbury",51.52486887,-0.099489485,3,14,true,false,false,17,false,0
79,1661426821|-3600|-3600,"Arundel Street, Temple",51.511726,-0.11385596,5,11,true,false,false,18,false,0
80,1661426821|-3600|-3600,"Webber Street , Southwark",51.50069361,-0.102091246,28,17,true,false,false,45,false,0
81,1661426821|-3600|-3600,"Great Titchfield Street, Fitzrovia",51.52025302,-0.141327271,1,18,true,false,false,19,false,0
82,1661426821|-3600|-3600,"Chancery Lane, Holborn",51.514274,-0.111257,10,5,true,false,false,15,false,0
83,1661426821|-3600|-3600,"Panton Street, West End",51.50963938,-0.131510949,0,21,true,false,false,21,false,0
84,1661426821|-3600|-3600,"Breams Buildings, Holborn",51.51593725,-0.111778348,11,12,true,false,false,25,false,0
85,1661426821|-3600|-3600,"Tanner Street, Bermondsey",51.50064702,-0.078600401,27,14,true,false,false,41,false,0
86,1661426821|-3600|-3600,"Sancroft Street, Vauxhall",51.48947903,-0.115156562,23,1,true,false,false,24,false,0
87,1661426821|-3600|-3600,"Devonshire Square, Liverpool Street",51.51646835,-0.079684557,9,5,true,false,false,16,false,0
88,1661426821|-3600|-3600,"Bayley Street , Bloomsbury",51.51858757,-0.132053392,7,16,true,false,false,25,false,0
89,1661426821|-3600|-3600,"Tavistock Place, Bloomsbury",51.5262503,-0.123509611,1,17,true,false,false,19,false,0
90,1661426821|-3600|-3600,"Harrington Square 1, Camden Town",51.53301907,-0.139174593,5,22,true,false,false,27,false,0
91,1661426821|-3600|-3600,"Walnut Tree Walk, Vauxhall",51.49368637,-0.111014912,10,9,true,false,false,20,false,0
92,1661426821|-3600|-3600,"Borough Road, Elephant &amp; Castle",51.49889832,-0.100440521,8,32,true,false,false,41,false,0
93,1661426821|-3600|-3600,"Cloudesley Road, Angel",51.53440868,-0.109025404,14,23,true,false,false,37,false,0
94,1661426821|-3600|-3600,"Bricklayers Arms, Borough",51.49506109,-0.085814489,10,17,true,false,false,28,false,0
95,1661426821|-3600|-3600,"Aldersgate Street, Barbican",51.5208417,-0.097340162,1,14,true,false,false,15,false,0
96,1661426821|-3600|-3600,"Falkirk Street, Hoxton",51.53095071,-0.078505384,16,9,true,false,false,26,false,0
97,1661426821|-3600|-3600,"Gloucester Road (North), Kensington",51.49792478,-0.183834706,3,15,true,false,false,18,false,0
98,1661426821|-3600|-3600,"Hampstead Road, Euston",51.52554222,-0.138231303,8,38,true,false,false,54,false,0
99,1661426821|-3600|-3600,"Old Quebec Street, Marylebone",51.51457763,-0.158264483,0,15,true,false,false,16,false,0
100,1661426821|-3600|-3600,"Albert Embankment, Vauxhall",51.49043573,-0.122806861,7,16,true,false,false,24,false,0
101,1661426821|-3600|-3600,"Queen Street 1, Bank",51.51155322,-0.0929401,5,15,true,false,false,22,false,0
102,1661426821|-3600|-3600,"Jewry Street, Aldgate",51.51340693,-0.076793375,3,14,true,false,false,17,false,0
103,1661426821|-3600|-3600,"Vicarage Gate, Kensington",51.50472376,-0.192538767,0,18,true,false,false,18,false,0
104,1661426821|-3600|-3600,"Crosswall, Tower",51.51159481,-0.077121322,9,23,true,false,false,34,false,0
105,1661426821|-3600|-3600,"Westbourne Grove, Bayswater",51.51552971,-0.190240716,9,15,true,false,false,26,false,0
106,1661426821|-3600|-3600,"Woodstock Street, Mayfair",51.51410514,-0.147301667,3,18,true,false,false,21,false,0
107,1661426821|-3600|-3600,"Finsbury Leisure Centre, St. Luke's",51.52600832,-0.096317627,6,13,true,false,false,20,false,0
108,1661426821|-3600|-3600,"Abbey Orchard Street, Westminster",51.49812559,-0.132102166,12,17,true,false,false,29,false,0
109,1661426821|-3600|-3600,"Soho Square , Soho",51.51563144,-0.132328837,10,46,true,false,false,57,false,0
110,1661426821|-3600|-3600,"Wellington Road, St. John's Wood",51.53304322,-0.172528678,7,9,true,false,false,17,false,0
111,1661426821|-3600|-3600,"Park Lane , Hyde Park",51.5100172,-0.157275636,1,23,true,false,false,28,false,0
112,1661426821|-3600|-3600,"Stonecutter Street, Holborn",51.51580998,-0.105270275,2,19,true,false,false,21,false,0
113,1661426821|-3600|-3600,"Gloucester Road (Central), South Kensington",51.49646288,-0.183289032,10,9,true,false,false,19,false,0
114,1661426821|-3600|-3600,"Park Road (Baker Street), The Regent's Park",51.52451738,-0.158963647,0,19,true,false,false,22,false,0
115,1661426821|-3600|-3600,"Braham Street, Aldgate",51.51423368,-0.073537654,9,24,true,false,false,34,false,0
116,1661426821|-3600|-3600,"Little Argyll Street, West End",51.51449962,-0.141423695,9,12,true,false,false,21,false,0
117,1661426821|-3600|-3600,"Lollard Street, Vauxhall",51.49288067,-0.114934001,12,13,true,false,false,25,false,0
118,1661426821|-3600|-3600,"Rochester Row, Westminster",51.49582705,-0.13547809,4,9,true,false,false,13,false,0
119,1661426821|-3600|-3600,"Bath Street, St. Luke's",51.52589324,-0.090847761,7,11,true,false,false,18,false,0
120,1661426821|-3600|-3600,"The Guildhall, Guildhall",51.51573534,-0.093080779,8,8,true,false,false,17,false,0
121,1661426821|-3600|-3600,"Baker Street, Marylebone",51.51891348,-0.156166631,4,18,true,false,false,22,false,0
122,1661426821|-3600|-3600,"Norton Folgate, Liverpool Street",51.52111369,-0.078869751,15,8,true,false,false,23,false,0
123,1661426821|-3600|-3600,"St. John Street, Finsbury",51.52836014,-0.104724625,12,6,true,false,false,18,false,0
124,1661426821|-3600|-3600,"Eaton Square, Belgravia",51.49654462,-0.150905245,6,13,true,false,false,20,false,0
126,1661426821|-3600|-3600,"Museum of London, Barbican",51.51782144,-0.096496865,10,42,true,false,false,52,false,0
127,1661426821|-3600|-3600,"Wood Street, Guildhall",51.51700801,-0.09388536,4,13,true,false,false,17,false,0
128,1661426821|-3600|-3600,"Emperor's Gate, South Kensington",51.49536226,-0.185296516,12,9,true,false,false,22,false,0
129,1661426821|-3600|-3600,"Golden Square, Soho",51.5118973,-0.137043852,4,13,true,false,false,18,false,0
130,1661426821|-3600|-3600,"Tower Gardens , Tower",51.50950627,-0.075459482,16,7,true,false,false,24,false,0
131,1661426821|-3600|-3600,"Eversholt Street , Camden Town",51.53300545,-0.136792671,0,16,true,false,false,16,false,0
132,1661426821|-3600|-3600,"Bethnal Green Road, Shoreditch",51.52364804,-0.074754872,6,32,true,false,false,38,false,0
133,1661426821|-3600|-3600,"Derry Street, Kensington",51.50136494,-0.191462381,8,10,true,false,false,18,false,0
134,1661426821|-3600|-3600,"Wapping High Street, Wapping",51.504904,-0.06797,17,2,true,false,false,20,false,0
135,1661426821|-3600|-3600,"Clerkenwell Green, Clerkenwell",51.52326004,-0.104708922,7,11,true,false,false,21,false,0
136,1661426821|-3600|-3600,"Queen Victoria Street, St. Paul's",51.51196176,-0.097441687,4,25,true,false,false,32,false,0
138,1661426821|-3600|-3600,"Green Street, Mayfair",51.51227622,-0.157436972,4,15,true,false,false,19,false,0
139,1661426821|-3600|-3600,"Lambeth Road, Vauxhall",51.49488108,-0.117974901,5,12,true,false,false,18,false,0
140,1661426821|-3600|-3600,"Finsbury Square , Moorgate",51.52096262,-0.085634242,4,28,true,false,false,33,false,0
141,1661426821|-3600|-3600,"Chapel Place, Marylebone",51.51530805,-0.147203711,4,24,true,false,false,29,false,0
142,1661426821|-3600|-3600,"West Cromwell Road, Earl's Court",51.49372451,-0.198286569,14,10,true,false,false,24,false,0
143,1661426821|-3600|-3600,"Pont Street, Knightsbridge",51.4968865,-0.161203828,5,17,true,false,false,24,false,0
144,1661426821|-3600|-3600,"Kennington Cross, Kennington",51.48894022,-0.111435796,27,19,true,false,false,47,false,0
145,1661426821|-3600|-3600,"Ilchester Place, Kensington",51.50074359,-0.202759212,3,21,true,false,false,24,false,0
146,1661426821|-3600|-3600,"Vauxhall Bridge , Pimlico",51.48836528,-0.129361842,6,28,true,false,false,35,false,0
147,1661426821|-3600|-3600,"Portugal Street, Holborn",51.51494305,-0.11614642,4,11,true,false,false,16,false,0
148,1661426821|-3600|-3600,"Tachbrook Street, Victoria",51.49211134,-0.138364847,12,3,true,false,false,16,false,0
149,1661426821|-3600|-3600,"Kennington Road Post Office, Oval",51.48478899,-0.110683213,10,8,true,false,false,18,false,0
150,1661426821|-3600|-3600,"Holy Trinity Brompton, Knightsbridge",51.49705603,-0.168917077,1,26,true,false,false,28,false,0
151,1661426821|-3600|-3600,"Chepstow Villas, Notting Hill",51.51213691,-0.201554966,1,24,true,false,false,26,false,0
152,1661426821|-3600|-3600,"Hampton Street, Walworth",51.49217002,-0.101536865,13,8,true,false,false,21,false,0
153,1661426821|-3600|-3600,"Bayswater Road, Hyde Park",51.511933,-0.174411,3,22,true,false,false,27,false,0
154,1661426821|-3600|-3600,"Waterloo Station 3, Waterloo",51.50379168,-0.11282408,10,24,true,false,false,35,false,0
155,1661426821|-3600|-3600,"Lexham Gardens, Kensington",51.49586666,-0.191933711,5,13,true,false,false,19,false,0
156,1661426821|-3600|-3600,"New Kent Road, The Borough",51.49443626,-0.092921165,31,1,true,false,false,33,false,0
157,1661426821|-3600|-3600,"Wright's Lane, Kensington",51.50039792,-0.193068385,8,29,true,false,false,37,false,0
158,1661426821|-3600|-3600,"Trebovir Road, Earl's Court",51.49085368,-0.196170309,14,3,true,false,false,18,false,0
160,1661426821|-3600|-3600,"Waterloo Place, St. James's",51.50663341,-0.131773845,5,12,true,false,false,20,false,0
161,1661426821|-3600|-3600,"Guildhouse Street, Victoria",51.49234577,-0.141334487,12,3,true,false,false,16,false,0
162,1661426821|-3600|-3600,"Southampton Place, Holborn",51.51760685,-0.121328408,2,17,true,false,false,20,false,0
163,1661426821|-3600|-3600,"Sloane Avenue, Knightsbridge",51.4931848,-0.167894973,4,21,true,false,false,27,false,0
164,1661426821|-3600|-3600,"Cleveland Gardens, Bayswater",51.515607,-0.183118788,8,7,true,false,false,16,false,0
165,1661426821|-3600|-3600,"Orsett Terrace, Bayswater",51.517932,-0.183716959,9,6,true,false,false,15,false,0
166,1661426821|-3600|-3600,"Seville Street, Knightsbridge",51.50185512,-0.159237081,3,23,true,false,false,27,false,0
167,1661426821|-3600|-3600,"Eccleston Place, Victoria",51.49395092,-0.147624377,7,8,true,false,false,19,false,0
168,1661426821|-3600|-3600,"Argyll Road, Kensington",51.50040123,-0.195455928,4,15,true,false,false,19,false,0
169,1661426821|-3600|-3600,"Porchester Place, Paddington",51.51474612,-0.165164288,3,15,true,false,false,18,false,0
170,1661426821|-3600|-3600,"Hardwick Street, Clerkenwell",51.52784273,-0.108068155,8,21,true,false,false,30,false,0
171,1661426821|-3600|-3600,"Collingham Gardens, Earl's Court",51.4916156,-0.186753859,9,5,true,false,false,14,false,0
172,1661426821|-3600|-3600,"Sumner Place, South Kensington",51.49121192,-0.173715911,3,15,true,false,false,19,false,0
173,1661426821|-3600|-3600,"Waterloo Road, South Bank",51.50486,-0.113001,8,7,true,false,false,15,false,0
174,1661426821|-3600|-3600,"Strand, Strand",51.512582,-0.1150573,8,26,true,false,false,35,false,0
175,1661426821|-3600|-3600,"Worship Street, Shoreditch",51.521668,-0.079608554,12,38,true,false,false,51,false,0
176,1661426821|-3600|-3600,"Gloucester Terrace, Bayswater",51.51791921,-0.188098863,8,15,true,false,false,23,false,0
177,1661426821|-3600|-3600,"Ashley Place, Victoria",51.49616092,-0.140947636,3,22,true,false,false,25,false,0
178,1661426821|-3600|-3600,"Warwick Square, Pimlico",51.48985626,-0.141923621,12,6,true,false,false,19,false,0
180,1661426821|-3600|-3600,"North Audley Street, Mayfair",51.5129118,-0.153645496,8,7,true,false,false,17,false,0
181,1661426821|-3600|-3600,"Belgrave Square, Belgravia",51.49941247,-0.152317537,2,19,true,false,false,21,false,0
182,1661426821|-3600|-3600,"Bell Street , Marylebone",51.52202903,-0.165842551,5,13,true,false,false,18,false,0
183,1661426821|-3600|-3600,"Riverlight North, Nine Elms",51.482362,-0.13612398,19,4,true,false,false,24,false,0
184,1661426821|-3600|-3600,"Portland Place, Marylebone",51.52071513,-0.14521173,4,29,true,false,false,34,false,0
185,1661426821|-3600|-3600,"Alderney Street, Pimlico",51.48805753,-0.140741432,11,2,true,false,false,14,false,0
186,1661426821|-3600|-3600,"South Wharf Road, Paddington",51.51733558,-0.175810943,13,3,true,false,false,16,false,0
187,1661426821|-3600|-3600,"Queen's Gate (South), South Kensington",51.49247977,-0.178433004,2,23,true,false,false,25,false,0
188,1661426821|-3600|-3600,"Nutford Place, Marylebone",51.5165179,-0.164393768,0,18,true,false,false,18,false,0
189,1661426821|-3600|-3600,"Claremont Square, Angel",51.53166681,-0.109914711,4,13,true,false,false,18,false,0
190,1661426821|-3600|-3600,"Rampayne Street, Pimlico",51.48997562,-0.132845681,14,5,true,false,false,21,false,0
191,1661426821|-3600|-3600,"Hyde Park Corner, Hyde Park",51.50311799,-0.153520935,7,24,true,false,false,36,false,0
192,1661426821|-3600|-3600,"Wardour Street, Soho",51.51251523,-0.133201961,7,7,true,false,false,16,false,0
193,1661426821|-3600|-3600,"Bankside Mix, Bankside",51.50581776,-0.100186337,7,53,true,false,false,60,false,0
194,1661426821|-3600|-3600,"Hop Exchange, The Borough",51.50462759,-0.091773776,9,45,true,false,false,56,false,0
195,1661426821|-3600|-3600,"Milroy Walk, South Bank",51.50724437,-0.106237501,11,17,true,false,false,30,false,0
196,1661426821|-3600|-3600,"Union Street, The Borough",51.50368837,-0.098497684,9,7,true,false,false,17,false,0
197,1661426821|-3600|-3600,"Stamford Street, South Bank",51.50556905,-0.111606696,18,8,true,false,false,27,false,0
199,1661426821|-3600|-3600,"Great Tower Street, Monument",51.51048489,-0.082989638,7,16,true,false,false,24,false,0
200,1661426821|-3600|-3600,"LMU Commercial Road, Whitechapel",51.51492456,-0.066078037,13,1,true,false,false,14,false,0
201,1661426821|-3600|-3600,"Dorset Square, Marylebone",51.5225965,-0.161113413,4,12,true,false,false,16,false,0
202,1661426821|-3600|-3600,"Leman Street, Aldgate",51.51236389,-0.06954201,14,23,true,false,false,37,false,0
203,1661426821|-3600|-3600,"West Smithfield Rotunda, Farringdon",51.51821864,-0.100791005,1,14,true,false,false,15,false,0
204,1661426821|-3600|-3600,"Margery Street, Clerkenwell",51.52659961,-0.112432615,5,13,true,false,false,19,false,0
206,1661426821|-3600|-3600,"New Road 1 , Whitechapel",51.518154,-0.062697,7,29,true,false,false,36,false,0
207,1661426821|-3600|-3600,"Grosvenor Crescent, Belgravia",51.50135267,-0.153194766,1,15,true,false,false,18,false,0
208,1661426821|-3600|-3600,"Mallory Street, Marylebone",51.52505151,-0.166304359,9,11,true,false,false,20,false,0
209,1661426821|-3600|-3600,"Denyer Street, Knightsbridge",51.49358391,-0.165101392,6,22,true,false,false,30,false,0
210,1661426821|-3600|-3600,"Hinde Street, Marylebone",51.51681444,-0.151926305,3,17,true,false,false,21,false,0
211,1661426821|-3600|-3600,"Cadogan Place, Knightsbridge",51.49464523,-0.158105512,5,27,true,false,false,34,false,0
212,1661426821|-3600|-3600,"Campden Hill Road, Notting Hill",51.50658458,-0.199004026,1,16,true,false,false,17,false,0
213,1661426821|-3600|-3600,"Wellington Arch, Hyde Park",51.50274025,-0.149569201,0,34,true,false,false,36,false,0
214,1661426821|-3600|-3600,"Endsleigh Gardens, Euston",51.52683806,-0.130504336,6,23,true,false,false,32,false,0
215,1661426821|-3600|-3600,"Moorfields, Moorgate",51.51906932,-0.088285377,32,20,true,false,false,54,false,0
216,1661426821|-3600|-3600,"Old Brompton Road, South Kensington",51.49094565,-0.181190899,6,24,true,false,false,30,false,0
217,1661426821|-3600|-3600,"Wormwood Street, Liverpool Street",51.51615461,-0.082422399,0,14,true,false,false,16,false,0
218,1661426821|-3600|-3600,"St. Luke's Church, Chelsea",51.48971651,-0.170194408,5,15,true,false,false,20,false,0
219,1661426821|-3600|-3600,"Bramham Gardens, Earl's Court",51.49016361,-0.19039362,10,18,true,false,false,29,false,0
220,1661426821|-3600|-3600,"Chelsea Green, Chelsea",51.49066456,-0.166485083,0,27,true,true,false,27,false,0
221,1661426821|-3600|-3600,"Horseferry Road, Westminster",51.49481649,-0.13045856,10,6,true,false,false,16,false,0
222,1661426821|-3600|-3600,"Knightsbridge, Hyde Park",51.50275704,-0.155349725,1,42,true,false,false,43,false,0
223,1661426821|-3600|-3600,"Rodney Road , Walworth",51.49148474,-0.090220911,15,9,true,false,false,24,false,0
224,1661426821|-3600|-3600,"Queensway, Kensington Gardens",51.51031,-0.18740235,9,6,true,false,false,17,false,0
225,1661426821|-3600|-3600,"Notting Hill Gate Station, Notting Hill",51.50935342,-0.196422,1,29,true,false,false,30,false,0
226,1661426821|-3600|-3600,"Charles II Street, West End",51.50844614,-0.131961389,2,22,true,false,false,24,false,0
227,1661426821|-3600|-3600,"Great Percy Street, Clerkenwell",51.52891573,-0.115480888,18,4,true,false,false,23,false,0
228,1661426821|-3600|-3600,"St. James's Square, St. James's",51.50742485,-0.134621209,1,39,true,false,false,40,false,0
229,1661426821|-3600|-3600,"Whitehall Place, Strand",51.50654321,-0.123179697,12,32,true,false,false,46,false,0
230,1661426821|-3600|-3600,"Poured Lines, Bankside",51.50669284,-0.103137426,2,29,true,false,false,31,false,0
231,1661426821|-3600|-3600,"Queen's Gate (Central), South Kensington",51.49396755,-0.17873226,2,29,true,false,false,31,false,0
232,1661426821|-3600|-3600,"Carey Street, Holborn",51.51501025,-0.112753217,7,6,true,false,false,16,false,0
233,1661426821|-3600|-3600,"Pall Mall East, West End",51.50777049,-0.130699733,2,19,true,false,false,22,false,0
234,1661426821|-3600|-3600,"Liverpool Road (N1 Centre), Angel",51.53450449,-0.106992706,17,4,true,false,false,24,false,0
235,1661426821|-3600|-3600,"Kennington Road  , Vauxhall",51.49571828,-0.110889274,19,15,true,false,false,36,false,0
236,1661426821|-3600|-3600,"Fashion Street, Whitechapel",51.51838043,-0.073438925,3,27,true,false,false,30,false,0
237,1661426821|-3600|-3600,"Dock Street, Wapping",51.5097860151,-0.0681619805156,22,7,true,false,false,30,false,0
238,1661426821|-3600|-3600,"Frampton Street, Paddington",51.5233534,-0.175116099,20,12,true,false,false,32,false,0
239,1661426821|-3600|-3600,"Warren Street Station, Euston",51.52443845,-0.138019439,10,13,true,false,false,26,false,0
242,1661426821|-3600|-3600,"Beaumont Street, Marylebone",51.52200801,-0.151359288,5,17,true,false,false,23,false,0
243,1661426821|-3600|-3600,"Gloucester Street, Pimlico",51.49096258,-0.139625122,19,4,true,false,false,25,false,0
244,1661426821|-3600|-3600,"Earnshaw Street , Covent Garden",51.51611887,-0.128585022,3,15,true,false,false,18,false,0
245,1661426821|-3600|-3600,"Grosvenor Road, Pimlico",51.4853572,-0.142207481,5,23,true,false,false,29,false,0
246,1661426821|-3600|-3600,"Berry Street, Clerkenwell",51.52285301,-0.099994052,9,29,true,false,false,41,false,0
247,1661426821|-3600|-3600,"St. John's Wood Church, The Regent's Park",51.530529,-0.167515,28,22,true,false,false,50,false,0
248,1661426821|-3600|-3600,"Triangle Car Park, Hyde Park",51.50645179,-0.170279555,9,18,true,false,false,27,false,0
249,1661426821|-3600|-3600,"Harper Road, The Borough",51.49859784,-0.096191134,1,41,true,false,false,42,false,0
250,1661426821|-3600|-3600,"Royal Avenue 1, Chelsea",51.489932,-0.162727,1,7,true,false,false,10,false,0
251,1661426821|-3600|-3600,"Brushfield Street, Liverpool Street",51.518908,-0.079249,22,9,true,false,false,34,false,0
252,1661426821|-3600|-3600,"Jubilee Gardens, South Bank",51.5046364,-0.116542278,26,3,true,false,false,30,false,0
253,1661426821|-3600|-3600,"Shoreditch Park, Hoxton",51.53404294,-0.086379717,19,10,true,false,false,30,false,0
254,1661426821|-3600|-3600,"Chadwell Street, Angel",51.53051587,-0.106408455,9,9,true,false,false,18,false,0
255,1661426821|-3600|-3600,"Clifton Road, Maida Vale",51.52557531,-0.179592915,13,9,true,false,false,22,false,0
256,1661426821|-3600|-3600,"Houghton Street, Strand",51.51362054,-0.116764211,3,12,true,false,false,15,false,0
257,1661426821|-3600|-3600,"Westminster University, Marylebone",51.52248185,-0.154907218,1,15,true,false,false,16,false,0
258,1661426821|-3600|-3600,"Kensington Gore, Knightsbridge",51.50143293,-0.178656971,1,22,true,false,false,23,false,0
259,1661426821|-3600|-3600,"Bourne Street, Belgravia",51.490959,-0.1532331,2,13,true,false,false,16,false,0
260,1661426821|-3600|-3600,"Broadwick Street, Soho",51.5136846,-0.135580879,8,10,true,false,false,18,false,0
261,1661426821|-3600|-3600,"Princes Square, Bayswater",51.5134891,-0.191351186,5,11,true,false,false,16,false,0
262,1661426821|-3600|-3600,"LSBU (Borough Road), Elephant &amp; Castle",51.49874469,-0.103132904,25,10,true,false,false,35,false,0
263,1661426821|-3600|-3600,"St. Mary Axe, Aldgate",51.51422502,-0.080660083,7,14,true,false,false,21,false,0
264,1661426821|-3600|-3600,"Tysoe Street, Clerkenwell",51.52644342,-0.109256828,17,2,true,false,false,20,false,0
265,1661426821|-3600|-3600,"Southwick Street, Paddington",51.51595344,-0.169249375,17,0,true,false,false,17,false,0
266,1661426821|-3600|-3600,"Queen's Gate (North), Kensington",51.50102668,-0.180246101,1,40,true,false,false,41,false,0
267,1661426821|-3600|-3600,"Regency Street, Westminster",51.49206037,-0.132224622,9,12,true,false,false,22,false,0
269,1661426821|-3600|-3600,"Empire Square, The Borough",51.50082346,-0.089740764,35,10,true,false,false,46,false,0
270,1661426821|-3600|-3600,"Kennington Lane Rail Bridge, Vauxhall",51.4863434,-0.122492418,7,23,true,false,false,31,false,0
271,1661426821|-3600|-3600,"London Zoo,  The Regent's Park",51.53583617,-0.156285395,4,27,true,false,false,32,false,0
272,1661426821|-3600|-3600,"Baylis Road, Waterloo",51.50144456,-0.110699309,3,17,true,false,false,22,false,0
273,1661426821|-3600|-3600,"Belvedere Road 1, South Bank",51.50613324,-0.114686385,17,21,true,false,false,38,false,0
274,1661426821|-3600|-3600,"Warwick Road, Olympia",51.49671237,-0.20528437,21,15,true,false,false,36,false,0
275,1661426821|-3600|-3600,"Barbican Centre, Barbican",51.52004497,-0.092176447,5,13,true,false,false,19,false,0
277,1661426821|-3600|-3600,"Kensington Church Street, Kensington",51.50315739,-0.191496313,1,16,true,false,false,17,false,0
278,1661426821|-3600|-3600,"Tooley Street, Bermondsey",51.5034938,-0.07962099,14,13,true,false,false,27,false,0
279,1661426821|-3600|-3600,"North Wharf Road, Paddington",51.51862243,-0.176645823,3,22,true,false,false,25,false,0
280,1661426821|-3600|-3600,"Royal Avenue 2, Chelsea",51.490083,-0.162418,5,1,true,false,false,10,false,0
281,1661426821|-3600|-3600,"Smith Square, Westminster",51.49580589,-0.127575233,10,6,true,false,false,18,false,0
282,1661426821|-3600|-3600,"Royal London Hospital, Whitechapel",51.518675,-0.06111,5,37,true,false,false,42,false,0
283,1661426821|-3600|-3600,"Kingsway, Covent Garden",51.51440928,-0.118478757,1,15,true,false,false,16,false,0
284,1661426821|-3600|-3600,"Lambeth North Station, Waterloo",51.49914063,-0.112031483,2,18,true,false,false,20,false,0
286,1661426821|-3600|-3600,"St. John's Wood Road, St. John's Wood",51.5272947,-0.174653609,10,25,true,false,false,35,false,0
287,1661426821|-3600|-3600,"Bedford Way, Bloomsbury",51.52367314,-0.128377673,1,20,true,false,false,23,false,0
288,1661426821|-3600|-3600,"Elizabeth Bridge, Victoria",51.49236962,-0.147478734,25,9,true,false,false,34,false,0
289,1661426821|-3600|-3600,"South Audley Street, Mayfair",51.50923022,-0.151296092,1,14,true,false,false,15,false,0
290,1661426821|-3600|-3600,"St Mary's Hospital, Paddington",51.518268,-0.17110323,9,10,true,false,false,20,false,0
291,1661426821|-3600|-3600,"Claverton Street, Pimlico",51.48483991,-0.138089062,20,10,true,false,false,32,false,0
292,1661426821|-3600|-3600,"Montpelier Street, Knightsbridge",51.49888404,-0.165471605,5,11,true,false,false,16,false,0
293,1661426821|-3600|-3600,"Kensington Olympia Station, Olympia",51.49815779,-0.209494128,23,2,true,false,false,25,false,0
295,1661426821|-3600|-3600,"Swan Street, The Borough",51.50029631,-0.092762704,21,4,true,false,false,27,false,0
296,1661426821|-3600|-3600,"Knaresborough Place, Earl's Court",51.49363156,-0.190603326,8,10,true,false,false,18,false,0
297,1661426821|-3600|-3600,"Geraldine Street, Elephant &amp; Castle",51.49612799,-0.106000855,3,13,true,false,false,17,false,0
298,1661426821|-3600|-3600,"Curlew Street, Shad Thames",51.50227992,-0.074189225,12,9,true,false,false,21,false,0
299,1661426821|-3600|-3600,"Vincent Square, Westminster",51.49398524,-0.136928582,9,10,true,false,false,19,false,0
300,1661426821|-3600|-3600,"Serpentine Car Park, Hyde Park",51.505014,-0.17306032,10,4,true,false,false,17,false,0
301,1661426821|-3600|-3600,"Marylebone Lane, Marylebone",51.51475963,-0.148105415,4,18,true,false,false,24,false,0
302,1661426821|-3600|-3600,"Putney Pier, Wandsworth",51.466907,-0.216573,22,6,true,false,false,28,false,0
303,1661426821|-3600|-3600,"Albert Gate, Hyde Park",51.50295379,-0.158456089,30,2,true,false,false,34,false,0
306,1661426821|-3600|-3600,"Rathbone Street, Fitzrovia",51.51816295,-0.135025698,5,11,true,false,false,16,false,0
307,1661426821|-3600|-3600,"Black Lion Gate, Kensington Gardens",51.50990837,-0.187842717,13,7,true,false,false,24,false,0
308,1661426821|-3600|-3600,"Long Lane , Bermondsey",51.49907558,-0.085666316,18,1,true,false,false,20,false,0
309,1661426821|-3600|-3600,"Embankment (Savoy), Strand",51.50963123,-0.119047563,1,38,true,false,false,41,false,0
310,1661426821|-3600|-3600,"Black Prince Road, Vauxhall",51.4908679,-0.116911864,3,16,true,false,false,19,false,0
311,1661426821|-3600|-3600,"Foley Street, Fitzrovia",51.51918144,-0.140485596,2,21,true,false,false,24,false,0
312,1661426821|-3600|-3600,"Grove End Road, St. John's Wood",51.53088935,-0.176770502,7,13,true,false,false,20,false,0
313,1661426821|-3600|-3600,"Wells Street, Fitzrovia",51.51734403,-0.138072691,8,30,true,false,false,38,false,0
314,1661426821|-3600|-3600,"Tyers Gate, Bermondsey",51.50088934,-0.083159352,13,23,true,false,false,36,false,0
315,1661426821|-3600|-3600,"The Tennis Courts, The Regent's Park",51.52536703,-0.153463612,1,13,true,false,false,16,false,0
316,1661426821|-3600|-3600,"Warwick Row, Westminster",51.497998,-0.14296064,3,18,true,false,false,21,false,0
317,1661426821|-3600|-3600,"Dickens Square, Borough",51.49679128,-0.093913472,23,8,true,false,false,32,false,0
318,1661426821|-3600|-3600,"Sackville Street, Mayfair",51.51004801,-0.138846453,2,14,true,false,false,18,false,0
319,1661426821|-3600|-3600,"Baldwin Street, St. Luke's",51.52702563,-0.088542771,3,17,true,false,false,21,false,0
320,1661426821|-3600|-3600,"Queen Mother Sports Centre, Victoria",51.49357351,-0.139956043,15,7,true,false,false,26,false,0
321,1661426821|-3600|-3600,"Bermondsey Street, Bermondsey",51.49785559,-0.081608045,14,7,true,false,false,24,false,0
322,1661426821|-3600|-3600,"Palissy Street, Shoreditch",51.526293,-0.073955,5,20,true,false,false,26,false,0
323,1661426821|-3600|-3600,"Clifton Street, Shoreditch",51.523196,-0.083067,11,13,true,false,false,24,false,0
324,1661426821|-3600|-3600,"Ontario Street, Elephant &amp; Castle",51.49652013,-0.101384068,3,11,true,false,false,15,false,0
325,1661426821|-3600|-3600,"St. Martin's Street, West End",51.50908747,-0.129697889,6,10,true,false,false,18,false,0
326,1661426821|-3600|-3600,"Graham Street, Angel",51.53266186,-0.099981142,9,15,true,false,false,26,false,0
327,1661426821|-3600|-3600,"New North Road 1, Hoxton",51.53095,-0.085603,9,11,true,false,false,22,false,0
328,1661426821|-3600|-3600,"New North Road 2, Hoxton",51.53114,-0.086016,9,12,true,false,false,22,false,0
329,1661426821|-3600|-3600,"Prince Albert Road, The Regent's Park",51.53589283,-0.160854428,10,11,true,false,false,24,false,0
330,1661426821|-3600|-3600,"Eastbourne Mews, Paddington",51.51641749,-0.179135079,11,23,true,false,false,34,false,0
331,1661426821|-3600|-3600,"Bunhill Row, Moorgate",51.52085887,-0.089887855,18,12,true,false,false,30,false,0
332,1661426821|-3600|-3600,"Nevern Place, Earl's Court",51.49334336,-0.194757949,14,6,true,false,false,20,false,0
333,1661426821|-3600|-3600,"Palace Gardens Terrace, Notting Hill",51.50860544,-0.193764092,6,31,true,false,false,37,false,0
334,1661426821|-3600|-3600,"Concert Hall Approach 1, South Bank",51.505044,-0.115851,7,1,true,false,false,10,false,0
335,1661426821|-3600|-3600,"Tavistock Street, Covent Garden",51.51196803,-0.120718759,6,25,true,false,false,33,false,0
336,1661426821|-3600|-3600,"Concert Hall Approach 2, South Bank",51.504942,-0.115533,8,8,true,false,false,18,false,0
337,1661426821|-3600|-3600,"Pembridge Villas, Notting Hill",51.51108452,-0.197524944,5,11,true,false,false,16,false,0
338,1661426821|-3600|-3600,"Wellington Street , Strand",51.51175646,-0.119643424,9,14,true,false,false,24,false,0
339,1661426821|-3600|-3600,"Risinghill Street, Angel",51.5333196,-0.1117812,11,12,true,false,false,25,false,0
340,1661426821|-3600|-3600,"Bank of England Museum, Bank",51.51444134,-0.087587447,5,9,true,false,false,16,false,0
341,1661426821|-3600|-3600,"Craven Street, Strand",51.50810309,-0.12602103,2,18,true,false,false,23,false,0
343,1661426821|-3600|-3600,"London Zoo Car Park, The Regent's Park",51.53692216,-0.150181444,7,27,true,false,false,36,false,0
344,1661426821|-3600|-3600,"Goswell Road (City Uni), Finsbury",51.528246,-0.10102611,1,14,true,false,false,17,false,0
345,1661426821|-3600|-3600,"Flood Street, Chelsea",51.48802358,-0.166878535,19,11,true,false,false,33,false,0
347,1661426821|-3600|-3600,"Lower Marsh, Waterloo",51.50013942,-0.113936001,6,10,true,false,false,17,false,0
348,1661426821|-3600|-3600,"Grosvenor Square, Mayfair",51.51217033,-0.150481272,4,13,true,false,false,17,false,0
350,1661426821|-3600|-3600,"Queen's Gate, Kensington Gardens",51.5017154373867,-0.1798541843891,1,19,true,false,false,21,false,0
351,1661426821|-3600|-3600,"Macclesfield Rd, St Lukes",51.529423,-0.097122,11,13,true,false,false,28,false,0
352,1661426821|-3600|-3600,"Vauxhall Street, Vauxhall",51.486965,-0.116625,8,10,true,false,false,19,false,0
353,1661426821|-3600|-3600,"Greycoat Street , Westminster",51.49459148,-0.134234258,12,4,true,false,false,17,false,0
354,1661426821|-3600|-3600,"Northumberland Avenue, Strand",51.506767,-0.123702,3,32,true,false,false,37,false,0
355,1661426821|-3600|-3600,"Clapham Common Station, Clapham Common",51.461388,-0.13922146,4,15,true,false,false,21,false,0
356,1661426821|-3600|-3600,"South Kensington Station, South Kensington",51.494412,-0.173881,2,13,true,false,false,15,false,0
357,1661426821|-3600|-3600,"Howland Street, Fitzrovia",51.520994,-0.139016,1,28,true,false,false,30,false,0
358,1661426821|-3600|-3600,"High Holborn , Covent Garden",51.516226,-0.124826,8,10,true,false,false,20,false,0
359,1661426821|-3600|-3600,"Butler Place, Westminster",51.49782999,-0.135440826,5,13,true,false,false,18,false,0
360,1661426821|-3600|-3600,"Howick Place, Westminster",51.49675303,-0.138733562,9,18,true,false,false,27,false,0
361,1661426821|-3600|-3600,"Waterloo Station 2, Waterloo",51.50391973,-0.11342629,40,13,true,false,false,55,false,0
362,1661426821|-3600|-3600,"Royal College Street, Camden Town",51.536264,-0.133952,15,39,true,false,false,57,false,0
364,1661426821|-3600|-3600,"Store Street, Bloomsbury",51.519572,-0.13214036,11,20,true,false,false,32,false,0
365,1661426821|-3600|-3600,"City Road, Angel",51.530344,-0.100168,11,35,true,false,false,47,false,0
367,1661426821|-3600|-3600,"Harrowby Street, Marylebone",51.5173721,-0.1642075,0,14,true,false,false,16,false,0
368,1661426821|-3600|-3600,"Harriet Street, Knightsbridge",51.50024195,-0.15934065,6,18,true,false,false,25,false,0
370,1661426821|-3600|-3600,"Paddington Green, Paddington",51.520205,-0.174593,3,17,true,false,false,20,false,0
371,1661426821|-3600|-3600,"King Edward Walk, Waterloo",51.49775,-0.10988,3,19,true,false,false,22,false,0
372,1661426821|-3600|-3600,"Sardinia Street, Holborn",51.515208,-0.117863,1,22,true,false,false,24,false,0
373,1661426821|-3600|-3600,"Prince Consort Road, Knightsbridge",51.49980661,-0.176415994,5,13,true,false,false,18,false,0
374,1661426821|-3600|-3600,"Waterloo Station 1, Waterloo",51.50402794,-0.11386436,9,24,true,false,false,36,false,0
375,1661426821|-3600|-3600,"Kensington Town Hall, Kensington",51.50194596,-0.194392952,0,18,true,false,false,18,false,0
376,1661426821|-3600|-3600,"Millbank Tower, Pimlico",51.49188409,-0.125674815,7,17,true,false,false,24,false,0
377,1661426821|-3600|-3600,"Waterloo Bridge, South Bank",51.50535447,-0.113656543,8,5,true,false,false,15,false,0
378,1661426821|-3600|-3600,"Natural History Museum, South Kensington",51.49559291,-0.179077626,18,23,true,false,false,42,false,0
379,1661426821|-3600|-3600,"Turquoise Island, Notting Hill",51.51431171,-0.200838199,3,18,true,false,false,21,false,0
380,1661426821|-3600|-3600,"Stanhope Gate, Mayfair",51.50686435,-0.150666888,5,15,true,false,false,21,false,0
381,1661426821|-3600|-3600,"Charlotte Street, Fitzrovia",51.51953043,-0.13577731,4,10,true,false,false,14,false,0
382,1661426821|-3600|-3600,"Farm Street, Mayfair",51.50935171,-0.14744969,3,11,true,false,false,15,false,0
383,1661426821|-3600|-3600,"Frith Street, Soho",51.51310333,-0.13121385,0,17,true,false,false,18,false,0
384,1661426821|-3600|-3600,"Marloes Road, Kensington",51.496481,-0.192404,2,13,true,false,false,15,false,0
386,1661426821|-3600|-3600,"Moor Street, Soho",51.51352755,-0.130110822,8,7,true,false,false,16,false,0
387,1661426821|-3600|-3600,"Fire Brigade Pier, Vauxhall",51.49369988,-0.121394101,4,26,true,false,false,30,false,0
388,1661426821|-3600|-3600,"Southampton Street, Strand",51.51070161,-0.121723604,2,11,true,false,false,14,false,0
389,1661426821|-3600|-3600,"Upper Grosvenor Street, Mayfair",51.51013066,-0.155757901,0,18,true,false,false,18,false,0
390,1661426821|-3600|-3600,"Buxton Street 1, Shoreditch",51.521776,-0.068856,2,39,true,false,false,41,false,0
391,1661426821|-3600|-3600,"Clifford Street, Mayfair",51.51066202,-0.142345694,5,12,true,false,false,17,false,0
392,1661426821|-3600|-3600,"Imperial College, Knightsbridge",51.49942855,-0.179702476,10,11,true,false,false,21,false,0
393,1661426821|-3600|-3600,"Snow Hill, Farringdon",51.51733427,-0.103604248,10,1,true,false,false,15,false,0
394,1661426821|-3600|-3600,"Aberdeen Place, St. John's Wood",51.524826,-0.176268,10,8,true,false,false,18,false,0
395,1661426821|-3600|-3600,"Cadogan Gardens, Chelsea",51.492462,-0.159919,2,13,true,false,false,15,false,0
396,1661426821|-3600|-3600,"Shouldham Street, Marylebone",51.51809,-0.163609,1,14,true,false,false,16,false,0
397,1661426821|-3600|-3600,"Devonshire Terrace, Bayswater",51.51348,-0.17977,3,13,true,false,false,16,false,0
398,1661426821|-3600|-3600,"Holland Park, Kensington",51.502319,-0.200742,8,22,true,false,false,30,false,0
399,1661426821|-3600|-3600,"Brick Lane Market, Shoreditch",51.52261762,-0.071653961,2,22,true,false,false,24,false,0
400,1661426821|-3600|-3600,"George Street, Marylebone",51.517703,-0.154106,7,17,true,false,false,26,false,0
401,1661426821|-3600|-3600,"Columbia Road, Shoreditch",51.528187,-0.075375,1,21,true,false,false,24,false,0
402,1661426821|-3600|-3600,"Penfold Street, Marylebone",51.52289229,-0.171681991,7,8,true,false,false,15,false,0
403,1661426821|-3600|-3600,"George Place Mews, Marylebone",51.51689296,-0.158249929,2,13,true,false,false,16,false,0
404,1661426821|-3600|-3600,"Palace Gate, Kensington Gardens",51.50204238,-0.184400221,10,1,true,false,false,13,false,0
405,1661426821|-3600|-3600,"Gloucester Road Station, South Kensington",51.49418566,-0.18267094,3,12,true,false,false,15,false,0
408,1661426821|-3600|-3600,"Sun Street, Liverpool Street",51.520009,-0.083935724,11,10,true,false,false,24,false,0
409,1661426821|-3600|-3600,"Strata, Elephant &amp; Castle",51.493146,-0.099828,29,11,true,false,false,41,false,0
410,1661426821|-3600|-3600,"Edgware Road Station, Marylebone",51.519968,-0.169774,1,63,true,false,false,64,false,0
411,1661426821|-3600|-3600,"Rotherhithe Roundabout, Rotherhithe",51.499169,-0.055846029,11,7,true,false,false,19,false,0
412,1661426821|-3600|-3600,"Cleaver Street, Kennington",51.488105,-0.110121,5,11,true,false,false,17,false,0
419,1661426821|-3600|-3600,"Chelsea Bridge, Pimlico",51.485821,-0.149004,5,9,true,false,false,15,false,0
420,1661426821|-3600|-3600,"Southwark Station 1, Southwark",51.504043,-0.105312,21,16,true,false,false,37,false,0
421,1661426821|-3600|-3600,"Southwark Station 2, Southwark",51.504044,-0.104778,5,40,true,false,false,45,false,0
423,1661426821|-3600|-3600,"Eaton Square (South), Belgravia",51.49456127,-0.15393398,1,28,true,false,false,31,false,0
424,1661426821|-3600|-3600,"Ebury Bridge, Pimlico",51.490491,-0.149186,12,16,true,false,false,29,false,0
426,1661426821|-3600|-3600,"Vincent Street, Pimlico",51.493072,-0.129925,2,15,true,false,false,17,false,0
427,1661426821|-3600|-3600,"Cheapside, Bank",51.51397065,-0.09294031,7,36,true,false,false,43,false,0
428,1661426821|-3600|-3600,"Exhibition Road, Knightsbridge",51.499917,-0.174554,18,2,true,false,false,20,false,0
430,1661426821|-3600|-3600,"South Parade, Chelsea",51.48902,-0.17524,5,13,true,false,false,18,false,0
431,1661426821|-3600|-3600,"Crinan Street, King's Cross",51.534474,-0.122203,14,5,true,false,false,20,false,0
432,1661426821|-3600|-3600,"Exhibition Road Museums 1, South Kensington",51.496468,-0.17379696,8,5,true,false,false,13,false,0
433,1661426821|-3600|-3600,"Wren Street, Holborn",51.524564,-0.116279,5,26,true,false,false,33,false,0
435,1661426821|-3600|-3600,"Kennington Station, Kennington",51.488852,-0.105593,10,13,true,false,false,23,false,0
436,1661426821|-3600|-3600,"Red Lion Street, Holborn",51.51824,-0.11655,7,28,true,false,false,36,false,0
437,1661426821|-3600|-3600,"Vauxhall Walk, Vauxhall",51.488124,-0.120903,6,21,true,false,false,27,false,0
439,1661426821|-3600|-3600,"Killick Street, King's Cross",51.5338,-0.118677,9,12,true,false,false,22,false,0
440,1661426821|-3600|-3600,"Kennington Oval, Oval",51.483145,-0.113134,13,20,true,false,false,33,false,0
441,1661426821|-3600|-3600,"Sail Street, Vauxhall",51.495656,-0.114605,5,18,true,false,false,24,false,0
442,1661426821|-3600|-3600,"Walmer Road, Avondale",51.510101,-0.211358,2,22,true,false,false,24,false,0
443,1661426821|-3600|-3600,"Philpot Street, Whitechapel",51.515256,-0.058641,13,17,true,false,false,30,false,0
444,1661426821|-3600|-3600,"Bethnal Green Garden, Bethnal Green",51.52568,-0.055312,14,10,true,false,false,24,false,0
445,1661426821|-3600|-3600,"Cheshire Street, Bethnal Green",51.52388,-0.065076,6,22,true,false,false,28,false,0
446,1661426821|-3600|-3600,"York Hall, Bethnal Green",51.528936,-0.055894,24,3,true,false,false,27,false,0
447,1661426821|-3600|-3600,"Jubilee Crescent, Cubitt Town",51.493381,-0.007542,23,30,true,false,false,54,false,0
448,1661426821|-3600|-3600,"Fisherman's Walk West, Canary Wharf",51.50623,-0.02296,6,30,true,false,false,36,false,0
449,1661426821|-3600|-3600,"Shadwell Station, Shadwell",51.511088,-0.057159,19,13,true,false,false,35,false,0
450,1661426821|-3600|-3600,"Jubilee Street, Stepney",51.515975,-0.053177,18,10,true,false,false,28,false,0
451,1661426821|-3600|-3600,"Hermitage Court, Wapping",51.504719,-0.063531,5,11,true,false,false,16,false,0
453,1661426821|-3600|-3600,"Garnet Street, Shadwell",51.508447,-0.055167,11,12,true,false,false,24,false,0
454,1661426821|-3600|-3600,"Napier Avenue, Millwall",51.487679,-0.021582,16,3,true,false,false,20,false,0
455,1661426821|-3600|-3600,"East Ferry Road, Cubitt Town",51.49447,-0.014409,7,7,true,false,false,17,false,0
456,1661426821|-3600|-3600,"Parkway, Camden Town",51.538071,-0.144664,29,4,true,false,false,33,false,0
457,1661426821|-3600|-3600,"Castlehaven Road, Camden Town",51.542138,-0.145393,8,19,true,false,false,29,false,0
458,1661426821|-3600|-3600,"Wapping Lane, Wapping",51.504749,-0.057544,13,14,true,false,false,28,false,0
459,1661426821|-3600|-3600,"Gunmakers Lane, Old Ford",51.535179,-0.03338,12,3,true,false,false,17,false,0
460,1661426821|-3600|-3600,"Burdett Road, Mile End",51.516196,-0.029138,21,10,true,false,false,33,false,0
461,1661426821|-3600|-3600,"Aston Street, Stepney",51.516,-0.038775,22,3,true,false,true,26,false,0
462,1661426821|-3600|-3600,"Bonny Street, Camden Town",51.541603,-0.138853,8,36,true,false,false,45,false,0
463,1661426821|-3600|-3600,"Thurtle Road, Haggerston",51.534776,-0.071881,5,15,true,false,false,22,false,0
464,1661426821|-3600|-3600,"St. Mary &amp; St. Michael Church, Stepney",51.51417,-0.052099,12,13,true,false,false,25,false,0
465,1661426821|-3600|-3600,"Pitfield Street North,Hoxton",51.53558,-0.08249,7,20,true,false,false,28,false,0
466,1661426821|-3600|-3600,"Whiston Road, Haggerston",51.534464,-0.076341,16,2,true,false,false,21,false,0
467,1661426821|-3600|-3600,"Southern Grove, Bow",51.523538,-0.030556,12,4,true,false,false,17,false,0
468,1661426821|-3600|-3600,"Cantrell Road, Bow",51.521564,-0.022694,19,4,true,false,false,24,false,0
469,1661426821|-3600|-3600,"Lindfield Street, Poplar",51.513757,-0.020467,29,13,true,false,false,44,false,0
470,1661426821|-3600|-3600,"Mostyn Grove, Bow",51.530535,-0.025492,29,16,true,false,false,46,false,0
471,1661426821|-3600|-3600,"Hewison Street, Old Ford",51.533283,-0.028155,17,1,true,false,false,19,false,0
472,1661426821|-3600|-3600,"Malmesbury Road, Bow",51.529452,-0.027616,6,6,true,false,false,21,false,0
473,1661426821|-3600|-3600,"Millharbour, Millwall",51.496137,-0.019355,8,9,true,false,false,19,false,0
474,1661426821|-3600|-3600,"Gascoyne Road, Victoria Park",51.541515,-0.038557746,4,14,true,false,false,20,false,0
475,1661426821|-3600|-3600,"Lightermans Road, Millwall",51.499041,-0.020157,24,6,true,false,false,31,false,0
476,1661426821|-3600|-3600,"Stebondale Street, Cubitt Town",51.489096,-0.009205,21,5,true,false,false,29,false,0
477,1661426821|-3600|-3600,"Spindrift Avenue, Millwall",51.49109,-0.018716,16,20,true,false,false,36,false,0
478,1661426821|-3600|-3600,"Stepney Green Station, Stepney",51.521889,-0.04667,10,7,true,false,false,21,false,0
479,1661426821|-3600|-3600,"Pott Street, Bethnal Green",51.527152,-0.058005,17,3,true,false,false,20,false,0
480,1661426821|-3600|-3600,"Flamborough Street, Limehouse",51.5128711,-0.0389866,11,14,true,false,false,25,false,0
481,1661426821|-3600|-3600,"Saunders Ness Road, Cubitt Town",51.487129,-0.0090011,15,14,true,false,false,35,false,0
482,1661426821|-3600|-3600,"Exhibition Road Museums 2, South Kensington",51.495947,-0.17368958,1,13,true,false,false,14,false,0
483,1661426821|-3600|-3600,"Albert Gardens, Stepney",51.51328,-0.047784,22,9,true,false,false,33,false,0
484,1661426821|-3600|-3600,"Bromley High Street, Bow",51.528828,-0.013258,19,2,true,false,false,24,false,0
485,1661426821|-3600|-3600,"Old Ford Road, Bethnal Green",51.531127,-0.048017,10,13,true,false,false,24,false,0
486,1661426821|-3600|-3600,"Granby Street, Shoreditch",51.525645,-0.069543,11,26,true,false,false,37,false,0
487,1661426821|-3600|-3600,"Canton Street, Poplar",51.511811,-0.025626,16,7,true,false,false,23,false,0
488,1661426821|-3600|-3600,"Reardon Street, Wapping",51.506946,-0.058681,18,3,true,false,false,22,false,0
491,1661426821|-3600|-3600,"Queen Mary's, Mile End",51.522507,-0.041378,22,20,true,false,false,44,false,0
492,1661426821|-3600|-3600,"Maplin Street, Mile End",51.525501,-0.032267204,12,25,true,false,false,39,false,0
494,1661426821|-3600|-3600,"South Quay East, Canary Wharf",51.50196,-0.016251,22,13,true,false,false,36,false,0
495,1661426821|-3600|-3600,"Bow Church Station, Bow",51.528169,-0.018703,34,3,true,false,false,39,false,0
496,1661426821|-3600|-3600,"Devons Road, Bow",51.52512,-0.015578,25,10,true,false,false,39,false,0
497,1661426821|-3600|-3600,"Merchant Street, Bow",51.526578,-0.027581,25,2,true,false,false,27,false,0
498,1661426821|-3600|-3600,"Bow Road Station, Bow",51.527058,-0.025296,21,20,true,false,false,41,false,0
499,1661426821|-3600|-3600,"Furze Green, Bow",51.519265,-0.021345,23,9,true,false,false,36,false,0
500,1661426821|-3600|-3600,"Ansell House, Stepney",51.520019,-0.05438,2,37,true,false,false,41,false,0
501,1661426821|-3600|-3600,"Cephas Street, Bethnal Green",51.522561,-0.054883,17,7,true,false,false,24,false,0
502,1661426821|-3600|-3600,"Bonner Gate, Victoria Park",51.53341,-0.049591815,10,10,true,false,false,21,false,0
503,1661426821|-3600|-3600,"Cleveland Way, Stepney",51.520893,-0.051394,17,10,true,false,false,36,false,0
504,1661426821|-3600|-3600,"St. John's Park, Cubitt Town",51.496454,-0.009506,8,22,true,false,false,30,false,0
505,1661426821|-3600|-3600,"Ackroyd Drive, Bow",51.520398,-0.026768,6,19,true,false,false,29,false,0
506,1661426821|-3600|-3600,"Bell Lane, Liverpool Street",51.517475,-0.075855,19,4,true,false,false,23,false,0
507,1661426821|-3600|-3600,"Clarkson Street, Bethnal Green",51.528692,-0.059091,9,22,true,false,false,31,false,0
508,1661426821|-3600|-3600,"Fournier Street, Whitechapel",51.519362,-0.074431,5,13,true,false,false,18,false,0
509,1661426821|-3600|-3600,"Fore Street, Guildhall",51.517842,-0.090075,0,16,true,false,false,19,false,0
510,1661426821|-3600|-3600,"Westferry DLR, Limehouse",51.509303,-0.025996,39,0,true,false,false,41,false,0
511,1661426821|-3600|-3600,"Sutton Street, Shadwell",51.511066,-0.053558,20,11,true,false,false,33,false,0
512,1661426821|-3600|-3600,"Pritchard's Road, Bethnal Green",51.532091,-0.06142,20,9,true,false,false,30,false,0
513,1661426821|-3600|-3600,"Watney Market, Stepney",51.5142228,-0.055656,8,42,true,false,false,51,false,0
514,1661426821|-3600|-3600,"Portman Square, Marylebone",51.516204,-0.155525,2,15,true,false,false,17,false,0
515,1661426821|-3600|-3600,"Russell Gardens, Olympia",51.500088,-0.211316,9,15,true,false,false,24,false,0
516,1661426821|-3600|-3600,"Chrisp Street Market, Poplar",51.5112,-0.014438,16,0,true,false,false,18,false,0
517,1661426821|-3600|-3600,"Ford Road, Old Ford",51.532513,-0.033085,15,1,true,false,false,17,false,0
518,1661426821|-3600|-3600,"Antill Road, Mile End",51.528224,-0.037471,6,23,true,false,false,30,false,0
519,1661426821|-3600|-3600,"Teviot Street, Poplar",51.518811,-0.011662,32,1,true,false,false,33,false,0
520,1661426821|-3600|-3600,"Bancroft Road, Bethnal Green",51.526041,-0.047218,14,7,true,false,false,21,false,0
521,1661426821|-3600|-3600,"Driffield Road, Old Ford",51.534137,-0.037366,17,1,true,false,false,19,false,0
522,1661426821|-3600|-3600,"Clinton Road, Mile End",51.525941,-0.036017,20,14,true,false,false,36,false,0
523,1661426821|-3600|-3600,"Langdon Park, Poplar",51.51549,-0.013475,23,0,true,false,false,24,false,0
524,1661426821|-3600|-3600,"Lancaster Gate , Bayswater",51.511654,-0.179668,22,16,true,false,false,38,false,0
525,1661426821|-3600|-3600,"Blythe Road, Olympia",51.496927,-0.21350087,6,16,true,false,false,24,false,0
526,1661426821|-3600|-3600,"Lancaster Drive, Blackwall",51.503143,-0.008428,12,14,true,false,false,27,false,0
527,1661426821|-3600|-3600,"Hansard Mews, Holland Park",51.503802,-0.215808,18,2,true,false,false,20,false,0
528,1661426821|-3600|-3600,"Clarges Street, Mayfair",51.507326,-0.145827,3,13,true,false,false,16,false,0
529,1661426821|-3600|-3600,"Manresa Road, Chelsea",51.486892,-0.170983,4,9,true,false,false,18,false,0
530,1661426821|-3600|-3600,"Newby Place, Poplar",51.508896,-0.012413,17,0,true,false,false,18,false,0
531,1661426821|-3600|-3600,"Twig Folly Bridge, Mile End",51.530326,-0.042744,12,8,true,false,false,21,false,0
532,1661426821|-3600|-3600,"Jubilee Plaza, Canary Wharf",51.50357,-0.020068,12,50,true,false,false,63,false,0
533,1661426821|-3600|-3600,"Wellington Row, Bethnal Green",51.528222,-0.069743,2,31,true,false,false,33,false,0
534,1661426821|-3600|-3600,"Goldsmith's Row, Haggerston",51.531864,-0.066035,12,15,true,false,false,27,false,0
535,1661426821|-3600|-3600,"Gloucester Avenue, Camden Town",51.537349,-0.147154,12,12,true,false,false,24,false,0
536,1661426821|-3600|-3600,"Queensbridge Road, Haggerston",51.53385,-0.06992,17,18,true,false,false,35,false,0
537,1661426821|-3600|-3600,"Old Montague Street, Whitechapel",51.51793,-0.067937,5,12,true,false,false,18,false,0
538,1661426821|-3600|-3600,"Naval Row, Blackwall",51.508981,-0.00699,18,3,true,false,false,21,false,0
539,1661426821|-3600|-3600,"Hoxton Station, Hoxton",51.531091,-0.075901,0,21,true,false,false,22,false,0
540,1661426821|-3600|-3600,"Albany Street, The Regent's Park",51.528302,-0.144466,13,11,true,false,false,27,false,0
541,1661426821|-3600|-3600,"Green Park Station, Mayfair",51.506613,-0.142844,4,20,true,false,false,28,false,0
542,1661426821|-3600|-3600,"Salmon Lane, Limehouse",51.514115,-0.033828,29,3,true,false,false,33,false,0
543,1661426821|-3600|-3600,"Lansdowne Walk, Ladbroke Grove",51.509591,-0.204666,0,21,true,false,false,21,false,0
544,1661426821|-3600|-3600,"Percival Street, Finsbury",51.526153,-0.102208,7,15,true,false,false,22,false,0
545,1661426821|-3600|-3600,"Arlington Road, Camden Town",51.539957,-0.145246,17,5,true,false,false,24,false,0
546,1661426821|-3600|-3600,"New Fetter Lane, Holborn",51.517428,-0.107987,11,10,true,false,false,21,false,0
547,1661426821|-3600|-3600,"East India DLR, Blackwall",51.509474,-0.002275,23,26,true,false,false,51,false,0
548,1661426821|-3600|-3600,"Westminster Bridge Road, Elephant &amp; Castle",51.498386,-0.107913,18,8,true,false,false,26,false,0
549,1661426821|-3600|-3600,"Gaywood  Street, Elephant &amp; Castle",51.49605,-0.104193,8,34,true,false,false,45,false,0
550,1661426821|-3600|-3600,"Harford Street, Mile End",51.521564,-0.039264,10,13,true,false,false,23,false,0
551,1661426821|-3600|-3600,"Import Dock, Canary Wharf",51.505772,-0.016460175,5,32,true,false,false,39,false,0
552,1661426821|-3600|-3600,"Watney Street, Shadwell",51.511542,-0.056667,11,15,true,false,false,27,false,0
553,1661426821|-3600|-3600,"Regent's Row , Haggerston",51.535678,-0.062546,7,17,true,false,false,24,false,0
554,1661426821|-3600|-3600,"Aberfeldy Street, Poplar",51.513548,-0.005659,14,1,true,false,false,16,false,0
556,1661426821|-3600|-3600,"Heron Quays DLR, Canary Wharf",51.502661,-0.021596,5,22,true,false,false,27,false,0
557,1661426821|-3600|-3600,"King Edward Street, St Pauls",51.51601,-0.0985,5,13,true,false,false,20,false,0
558,1661426821|-3600|-3600,"Page Street, Westminster",51.493978,-0.127554,4,20,true,false,false,24,false,0
559,1661426821|-3600|-3600,"Abbotsbury Road, Holland Park",51.501391,-0.205991,6,18,true,false,false,24,false,0
560,1661426821|-3600|-3600,"Ladbroke Grove Central, Ladbroke Grove",51.511624,-0.205921,0,21,true,false,false,21,false,0
561,1661426821|-3600|-3600,"Rectory Square, Stepney",51.518369,-0.043371,16,6,true,false,false,22,false,0
562,1661426821|-3600|-3600,"Bury Place, Holborn",51.51746,-0.12335,8,12,true,false,false,21,false,0
563,1661426821|-3600|-3600,"Preston's Road, Cubitt Town",51.499286,-0.009152,20,3,true,false,false,26,false,0
564,1661426821|-3600|-3600,"Somerset House, Strand",51.509943,-0.117619,21,12,true,false,false,41,false,0
565,1661426821|-3600|-3600,"Selby Street, Whitechapel",51.521905,-0.063386,9,8,true,false,false,17,false,0
566,1661426821|-3600|-3600,"Westfield Ariel Way, White City",51.509158,-0.224103,4,38,true,false,false,42,false,0
568,1661426821|-3600|-3600,"Bishop's Bridge Road West, Bayswater",51.51616,-0.18697,12,6,true,false,false,18,false,0
569,1661426821|-3600|-3600,"Pitfield Street Central, Hoxton",51.53213,-0.08299,12,18,true,false,false,30,false,0
570,1661426821|-3600|-3600,"Upper Bank Street, Canary Wharf",51.503083,-0.017676,21,14,true,false,false,36,false,0
571,1661426821|-3600|-3600,"Westfield Southern Terrace ,Shepherd's Bush",51.506256,-0.218337,1,27,true,false,false,29,false,0
572,1661426821|-3600|-3600,"Greenland Road, Camden Town",51.539099,-0.141728,9,26,true,false,false,36,false,0
573,1661426821|-3600|-3600,"Limerston Street, West Chelsea",51.485587,-0.18119,1,16,true,false,false,18,false,0
574,1661426821|-3600|-3600,"Eagle Wharf Road, Hoxton",51.53356,-0.09315,1,42,true,false,false,45,false,0
576,1661426821|-3600|-3600,"Alpha Grove, Millwall",51.497304,-0.022793,11,11,true,false,false,23,false,0
577,1661426821|-3600|-3600,"Globe Town Market, Bethnal Green",51.528869,-0.047548,11,8,true,false,false,20,false,0
578,1661426821|-3600|-3600,"Hollybush Gardens, Bethnal Green",51.527607,-0.057133,11,21,true,false,false,32,false,0
579,1661426821|-3600|-3600,"Queen Street 2, Bank",51.511246,-0.093051,10,24,true,false,false,36,false,0
580,1661426821|-3600|-3600,"Doddington Grove, Kennington",51.48692917,-0.102996299,15,20,true,false,false,36,false,0
581,1661426821|-3600|-3600,"New Cavendish Street, Marylebone",51.519167,-0.147983,10,7,true,false,false,18,false,0
583,1661426821|-3600|-3600,"Abingdon Green, Westminster",51.49764,-0.12597218,7,11,true,false,false,20,false,0
584,1661426821|-3600|-3600,"Ilchester Gardens, Bayswater",51.51244,-0.19096,5,15,true,false,false,21,false,0
586,1661426821|-3600|-3600,"Mudchute DLR, Cubitt Town",51.490645,-0.014582,7,24,true,false,false,31,false,0
587,1661426821|-3600|-3600,"Monument Street, Monument",51.50964,-0.08497,4,17,true,false,false,22,false,0
588,1661426821|-3600|-3600,"Hoxton Street, Hoxton",51.52959,-0.0801,11,15,true,false,false,27,false,0
589,1661426821|-3600|-3600,"Drayton Gardens, West Chelsea",51.487196,-0.179369,16,2,true,false,false,18,false,0
590,1661426821|-3600|-3600,"Greenberry Street, St.John's Wood",51.53256,-0.16862,6,19,true,false,false,26,false,0
592,1661426821|-3600|-3600,"Bishop's Bridge Road East, Bayswater",51.5171,-0.18377,11,9,true,false,false,20,false,0
593,1661426821|-3600|-3600,"Northdown Street, King's Cross",51.531066,-0.11934,5,16,true,false,false,21,false,0
594,1661426821|-3600|-3600,"Kingsway Southbound, Strand",51.513875,-0.117774,8,25,true,false,false,33,false,0
595,1661426821|-3600|-3600,"Hammersmith Road, Hammersmith",51.493267,-0.21985,11,10,true,false,false,22,false,0
596,1661426821|-3600|-3600,"Parson's Green , Parson's Green",51.472817,-0.199783,2,19,true,false,false,21,false,0
597,1661426821|-3600|-3600,"Fulham Park Road, Fulham",51.473471,-0.20782,7,20,true,false,false,27,false,0
598,1661426821|-3600|-3600,"Southerton Road, Hammersmith",51.494499,-0.228188,21,17,true,false,false,38,false,0
599,1661426821|-3600|-3600,"Manbre Road, Hammersmith",51.485743,-0.223616,10,18,true,false,false,28,false,0
600,1661426821|-3600|-3600,"South Lambeth Road, Vauxhall",51.481747,-0.124642,17,3,true,false,false,21,false,0
601,1661426821|-3600|-3600,"BBC White City, White City",51.514767,-0.225787,9,27,true,false,false,36,false,0
602,1661426821|-3600|-3600,"Union Grove, Wandsworth Road",51.472993,-0.133972,21,22,true,false,false,45,false,0
603,1661426821|-3600|-3600,"Caldwell Street, Stockwell",51.477839,-0.116493,24,19,true,false,false,44,false,0
604,1661426821|-3600|-3600,"St Martins Close, Camden Town",51.538792,-0.138535,3,15,true,false,false,18,false,0
605,1661426821|-3600|-3600,"Seymour Place, Marylebone",51.520331,-0.163667,6,23,true,false,false,29,false,0
606,1661426821|-3600|-3600,"Addison Road, Holland Park",51.504199,-0.210941,4,22,true,false,false,26,false,0
607,1661426821|-3600|-3600,"Putney Bridge Station, Fulham",51.468814,-0.210279,13,8,true,false,false,21,false,0
608,1661426821|-3600|-3600,"Colet Gardens, Hammersmith",51.491093,-0.216493,9,21,true,false,false,30,false,0
609,1661426821|-3600|-3600,"Sugden Road, Clapham",51.46512358,-0.157788279,3,15,true,false,false,19,false,0
610,1661426821|-3600|-3600,"Danvers Street, West Chelsea",51.48256792,-0.172078187,0,14,true,false,false,21,false,0
611,1661426821|-3600|-3600,"Princedale Road , Holland Park",51.50646524,-0.208486599,9,11,true,false,false,20,false,0
612,1661426821|-3600|-3600,"Wandsworth Rd, Isley Court, Wandsworth Road",51.46925984,-0.141812513,9,19,true,false,false,30,false,0
613,1661426821|-3600|-3600,"Woodstock Grove, Shepherd's Bush",51.50403821,-0.217400093,3,20,true,false,false,24,false,0
614,1661426821|-3600|-3600,"London Fields, Hackney Central",51.54119,-0.058826101,11,9,true,false,false,21,false,0
615,1661426821|-3600|-3600,"Finlay Street, Fulham",51.4768851,-0.215895601,17,6,true,false,false,24,false,0
616,1661426821|-3600|-3600,"Aintree Street, Fulham",51.48102131,-0.209973497,21,3,true,false,false,24,false,0
617,1661426821|-3600|-3600,"Elysium Place, Fulham",51.47107905,-0.207842908,3,18,true,false,false,21,false,0
618,1661426821|-3600|-3600,"Eel Brook Common, Walham Green",51.47625965,-0.193254007,14,10,true,false,false,24,false,0
619,1661426821|-3600|-3600,"Irene Road, Parsons Green",51.4737636,-0.197010096,5,38,true,false,false,43,false,0
620,1661426821|-3600|-3600,"Surrey Lane, Battersea",51.47518024,-0.167160736,13,15,true,false,false,28,false,0
621,1661426821|-3600|-3600,"Wandsworth Town Station, Wandsworth",51.46086446,-0.187427294,25,6,true,false,false,33,false,0
622,1661426821|-3600|-3600,"Lansdowne Road, Ladbroke Grove",51.50748124,-0.205535908,1,28,true,false,false,29,false,0
623,1661426821|-3600|-3600,"Nantes Close, Wandsworth",51.46193072,-0.180791784,10,10,true,false,false,22,false,0
624,1661426821|-3600|-3600,"Courland Grove, Wandsworth Road",51.4729184,-0.132102704,27,12,true,false,false,40,false,0
625,1661426821|-3600|-3600,"Queen's Circus, Battersea Park",51.47761941,-0.149551631,11,16,true,false,false,28,false,0
626,1661426821|-3600|-3600,"Normand Park, West Kensington",51.48438657,-0.20481514,7,17,true,false,false,24,false,0
627,1661426821|-3600|-3600,"Holden Street, Battersea",51.4687905,-0.158230901,8,12,true,false,false,20,false,0
628,1661426821|-3600|-3600,"William Morris Way, Sands End",51.46881971,-0.184318843,26,0,true,false,false,26,false,0
629,1661426821|-3600|-3600,"Morie Street, Wandsworth",51.45995384,-0.190184054,12,15,true,false,false,28,false,0
630,1661426821|-3600|-3600,"Clarence Walk, Stockwell",51.47073264,-0.126994068,12,15,true,false,false,28,false,0
631,1661426821|-3600|-3600,"Battersea Park Road, Nine Elms",51.4795017,-0.141770709,8,19,true,false,false,27,false,0
632,1661426821|-3600|-3600,"Sheepcote Lane, Battersea",51.47053858,-0.163041605,25,2,true,false,false,28,false,0
633,1661426821|-3600|-3600,"Vereker Road, West Kensington",51.48959104,-0.209378594,21,10,true,false,false,32,false,0
634,1661426821|-3600|-3600,"Brook Green South, Brook Green",51.49434708,-0.215804559,24,9,true,false,false,33,false,0
635,1661426821|-3600|-3600,"Greyhound Road, Hammersmith",51.48606206,-0.214428378,21,16,true,false,false,37,false,0
636,1661426821|-3600|-3600,"South Park, Sands End",51.46706414,-0.193502076,3,25,true,false,false,28,false,0
637,1661426821|-3600|-3600,"Spencer Park, Wandsworth Common",51.45787019,-0.174691623,21,4,true,false,false,25,false,0
638,1661426821|-3600|-3600,"Falcon Road, Clapham Junction",51.46663393,-0.169821175,16,10,true,false,false,28,false,0
639,1661426821|-3600|-3600,"Coomer Place, West Kensington",51.48357068,-0.202038682,17,7,true,false,false,27,false,0
640,1661426821|-3600|-3600,"Silverthorne Road, Battersea",51.47286577,-0.148059277,28,0,true,false,false,28,false,0
641,1661426821|-3600|-3600,"Archbishop's Park, Waterloo",51.49824168,-0.117495865,6,17,true,false,false,23,false,0
642,1661426821|-3600|-3600,"Fawcett Close, Battersea",51.46916161,-0.174485792,17,18,true,false,false,36,false,0
643,1661426821|-3600|-3600,"All Saints' Road, Portobello",51.5190427,-0.204764421,8,14,true,false,false,22,false,0
644,1661426821|-3600|-3600,"Rainville Road, Hammersmith",51.48373225,-0.223852256,25,11,true,false,false,36,false,0
645,1661426821|-3600|-3600,"Great Suffolk Street, The Borough",51.50173215,-0.100292412,9,12,true,false,false,21,false,0
646,1661426821|-3600|-3600,"Buckingham Gate, Westminster",51.49886563,-0.137424571,8,8,true,false,false,16,false,0
647,1661426821|-3600|-3600,"Richmond Way, Shepherd's Bush",51.50035306,-0.217515071,18,9,true,false,false,27,false,0
648,1661426821|-3600|-3600,"Peterborough Road, Sands End",51.46904022,-0.19627483,20,10,true,false,false,30,false,0
649,1661426821|-3600|-3600,"World's End Place, West Chelsea",51.48180515,-0.18027465,9,12,true,false,false,22,false,0
650,1661426821|-3600|-3600,"St. Mark's Road, North Kensington",51.51687069,-0.213872396,8,13,true,false,false,21,false,0
651,1661426821|-3600|-3600,"Thorndike Close, West Chelsea",51.48089844,-0.183853573,1,24,true,false,false,25,false,0
652,1661426821|-3600|-3600,"Evesham Street, Avondale",51.51148696,-0.218190203,4,25,true,false,false,29,false,0
653,1661426821|-3600|-3600,"Simpson Street, Clapham Junction",51.47084722,-0.17070367,15,8,true,false,false,25,false,0
654,1661426821|-3600|-3600,"Ashmole Estate, Oval",51.48267821,-0.117661574,23,11,true,false,false,34,false,0
655,1661426821|-3600|-3600,"Crabtree Lane, Fulham",51.48294452,-0.219346128,7,19,true,false,false,27,false,0
656,1661426821|-3600|-3600,"Broomhouse Lane, Parsons Green",51.46841875,-0.199135704,25,4,true,false,false,29,false,0
657,1661426821|-3600|-3600,"Blythe Road West, Shepherd's Bush",51.49968,-0.221791551,20,1,true,false,false,21,false,0
658,1661426821|-3600|-3600,"Ethelburga Estate, Battersea Park",51.47729232,-0.16478637,8,22,true,false,false,30,false,0
659,1661426821|-3600|-3600,"Blackfriars Station, St. Paul's",51.511934,-0.10307894,12,19,true,false,false,35,false,0
660,1661426821|-3600|-3600,"West Kensington Station, West Kensington",51.49087074,-0.206029743,14,7,true,false,false,22,false,0
661,1661426821|-3600|-3600,"All Saints Church, Portobello",51.51632095,-0.202608612,14,22,true,false,false,37,false,0
662,1661426821|-3600|-3600,"Phene Street, Chelsea",51.48498496,-0.167919869,7,15,true,false,false,24,false,0
663,1661426821|-3600|-3600,"Clarendon Road, Avondale",51.51323001,-0.211593602,4,20,true,false,false,24,false,0
664,1661426821|-3600|-3600,"Austin Road, Battersea Park",51.474376,-0.155442787,22,2,true,false,false,24,false,0
665,1661426821|-3600|-3600,"Smugglers Way, Wandsworth",51.46108367,-0.191722864,14,8,true,false,false,22,false,0
667,1661426821|-3600|-3600,"Shepherd's Bush Road North, Shepherd's Bush",51.5015946,-0.222293381,5,26,true,false,false,34,false,0
668,1661426821|-3600|-3600,"Ravenscourt Park Station, Hammersmith",51.49422354,-0.236769936,6,19,true,false,false,26,false,0
669,1661426821|-3600|-3600,"Teversham Lane, Stockwell",51.47614939,-0.1232585,35,3,true,false,false,39,false,0
670,1661426821|-3600|-3600,"Ashley Crescent, Battersea",51.46718562,-0.152248582,22,5,true,false,false,28,false,0
671,1661426821|-3600|-3600,"Parsons Green Station, Parsons Green",51.475089,-0.201968,5,51,true,false,false,56,false,0
673,1661426821|-3600|-3600,"Hibbert Street, Battersea",51.46517078,-0.18038939,30,6,true,false,false,36,false,0
674,1661426821|-3600|-3600,"Carnegie Street, King's Cross",51.53546778,-0.11619105,14,25,true,false,false,40,false,0
675,1661426821|-3600|-3600,"Usk Road, Clapham Junction",51.46348914,-0.182126248,13,16,true,false,false,30,false,0
676,1661426821|-3600|-3600,"Hartington Road, Stockwell",51.47787084,-0.126874471,31,4,true,false,false,35,false,0
677,1661426821|-3600|-3600,"Heath Road, Battersea",51.46866929,-0.146544642,9,17,true,false,false,27,false,0
678,1661426821|-3600|-3600,"Esmond Street, Putney",51.46231278,-0.211468596,29,1,true,false,false,30,false,0
679,1661426821|-3600|-3600,"Orbel Street, Battersea",51.47453545,-0.170210533,15,11,true,false,false,26,false,0
680,1661426821|-3600|-3600,"Westbridge Road, Battersea",51.47768469,-0.170329317,9,19,true,false,false,28,false,0
681,1661426821|-3600|-3600,"Bishop's Avenue, Fulham",51.47303687,-0.214749808,6,40,true,false,false,46,false,0
682,1661426821|-3600|-3600,"Crisp Road, Hammersmith",51.48810829,-0.22660621,30,16,true,false,false,46,false,0
683,1661426821|-3600|-3600,"Dorothy Road, Clapham Junction",51.46506424,-0.163750945,20,7,true,false,false,28,false,0
684,1661426821|-3600|-3600,"Neville Gill Close, Wandsworth",51.45475251,-0.195197203,24,7,true,false,false,32,false,0
685,1661426821|-3600|-3600,"Osiers Road, Wandsworth",51.46067005,-0.198735357,26,3,true,false,false,30,false,0
686,1661426821|-3600|-3600,"Beryl Road, Hammersmith",51.48814438,-0.222456468,0,26,true,false,false,26,false,0
688,1661426821|-3600|-3600,"Northfields, Wandsworth",51.46095151,-0.20066766,18,9,true,false,false,28,false,0
689,1661426821|-3600|-3600,"Spanish Road, Clapham Junction",51.45922541,-0.180884959,4,26,true,false,false,30,false,0
690,1661426821|-3600|-3600,"Stanley Grove, Battersea",51.47047503,-0.152130083,7,16,true,false,false,24,false,0
691,1661426821|-3600|-3600,"Erin Close, Walham Green",51.47946386,-0.195777222,23,1,true,false,false,24,false,0
692,1661426821|-3600|-3600,"Cadogan Close, Victoria Park",51.54211855,-0.028941601,15,4,true,false,false,22,false,0
693,1661426821|-3600|-3600,"Felsham Road, Putney",51.464786,-0.215618902,14,3,true,false,false,18,false,0
694,1661426821|-3600|-3600,"Putney Rail Station, Putney",51.46071722,-0.216526155,3,17,true,false,false,20,false,0
695,1661426821|-3600|-3600,"Islington Green, Angel",51.53638435,-0.102757578,13,7,true,false,false,21,false,0
696,1661426821|-3600|-3600,"Charing Cross Hospital, Hammersmith",51.48728535,-0.217995921,19,1,true,false,false,21,false,0
697,1661426821|-3600|-3600,"Charlotte Terrace, Angel",51.53639219,-0.112721065,20,5,true,false,false,25,false,0
698,1661426821|-3600|-3600,"Shoreditch Court, Haggerston",51.53908372,-0.070329419,27,7,true,false,false,35,false,0
699,1661426821|-3600|-3600,"Belford House, Haggerston",51.5366541,-0.07023031,20,19,true,false,false,39,false,0
700,1661426821|-3600|-3600,"Battersea Church Road, Battersea",51.47696496,-0.174347066,8,16,true,false,false,25,false,0
701,1661426821|-3600|-3600,"Vicarage Crescent, Battersea",51.47287627,-0.176267008,20,7,true,false,false,30,false,0
702,1661426821|-3600|-3600,"Durant Street, Bethnal Green",51.52868155,-0.065550321,13,10,true,false,false,24,false,0
703,1661426821|-3600|-3600,"St. Bride Street, Holborn",51.51505991,-0.10534448,16,8,true,false,false,25,false,0
704,1661426821|-3600|-3600,"Mexfield Road, East Putney",51.45682071,-0.202802098,9,9,true,false,false,18,false,0
705,1661426821|-3600|-3600,"Upper Richmond Road, Putney",51.45971528,-0.212145939,17,8,true,false,true,25,false,0
706,1661426821|-3600|-3600,"Snowsfields, London Bridge",51.50215353,-0.083632928,3,28,true,false,false,31,false,0
707,1661426821|-3600|-3600,"Barons Court Station, West Kensington",51.49021762,-0.215087092,8,23,true,false,false,32,false,0
708,1661426821|-3600|-3600,"Disraeli Road, Putney",51.46161068,-0.21614583,14,19,true,false,false,33,false,0
709,1661426821|-3600|-3600,"Montserrat Road , Putney",51.46321128,-0.215550761,19,4,true,false,false,23,false,0
710,1661426821|-3600|-3600,"Albert Bridge Road, Battersea Park",51.47439218,-0.163347594,16,4,true,false,false,20,false,0
711,1661426821|-3600|-3600,"Everington Street, Fulham",51.48335692,-0.216305546,28,3,true,false,false,31,false,0
712,1661426821|-3600|-3600,"Mile End Stadium, Mile End",51.51854104,-0.034903714,11,11,true,false,false,22,false,0
713,1661426821|-3600|-3600,"Hawley Crescent, Camden Town",51.54100708,-0.14326094,15,3,true,false,false,22,false,0
714,1661426821|-3600|-3600,"Stewart's Road, Wandsworth Road",51.47311696,-0.137235175,15,13,true,false,false,28,false,0
715,1661426821|-3600|-3600,"Aylward Street, Stepney",51.51563007,-0.049067243,16,5,true,false,false,22,false,0
717,1661426821|-3600|-3600,"Dunston Road , Haggerston",51.53658514,-0.075885686,21,18,true,false,false,43,false,0
718,1661426821|-3600|-3600,"Ada Street, Hackney Central",51.53571683,-0.060291813,11,34,true,false,false,45,false,0
719,1661426821|-3600|-3600,"Victoria Park Road, Hackney Central",51.53642464,-0.054162264,11,23,true,false,false,34,false,0
720,1661426821|-3600|-3600,"Star Road, West Kensington",51.48724429,-0.205279052,12,10,true,false,false,23,false,0
721,1661426821|-3600|-3600,"Wendon Street, Old Ford",51.53603947,-0.026262677,13,4,true,false,false,18,false,0
722,1661426821|-3600|-3600,"Finnis Street, Bethnal Green",51.52458353,-0.058631453,11,8,true,false,false,19,false,0
723,1661426821|-3600|-3600,"Stephendale Road, Sands End",51.46822047,-0.190346493,29,17,true,false,false,48,false,0
724,1661426821|-3600|-3600,"Alma Road, Wandsworth",51.45799126,-0.184806157,2,26,true,false,false,28,false,0
725,1661426821|-3600|-3600,"Walworth Square, Walworth",51.491327,-0.096518684,13,11,true,false,false,24,false,0
726,1661426821|-3600|-3600,"Alfreda Street, Battersea Park",51.47505096,-0.150908371,16,5,true,false,false,22,false,0
727,1661426821|-3600|-3600,"Chesilton Road, Fulham",51.47569809,-0.20587627,1,22,true,false,false,23,false,0
728,1661426821|-3600|-3600,"Putney Bridge Road, East Putney",51.46199911,-0.206240805,22,7,true,false,false,29,false,0
729,1661426821|-3600|-3600,"St. Peter's Terrace, Fulham",51.47893931,-0.208485293,19,5,true,false,false,24,false,0
730,1661426821|-3600|-3600,"Bridge Avenue, Hammersmith",51.49208492,-0.229116862,15,3,true,false,false,18,false,0
731,1661426821|-3600|-3600,"Michael Road, Walham Green",51.47727637,-0.189210466,8,29,true,false,false,37,false,0
732,1661426821|-3600|-3600,"Duke Street Hill, London Bridge",51.50630441,-0.087262995,1,18,true,false,false,21,false,0
733,1661426821|-3600|-3600,"Park Lane, Mayfair",51.50542628,-0.150817316,1,16,true,false,false,18,false,0
734,1661426821|-3600|-3600,"Plough Terrace, Clapham Junction",51.46230566,-0.175407201,1,30,true,false,false,31,false,0
735,1661426821|-3600|-3600,"Grant Road East, Clapham Junction",51.46489445,-0.17302926,8,20,true,false,false,28,false,0
736,1661426821|-3600|-3600,"Queensdale Road, Shepherd's Bush",51.50659035,-0.216104479,15,13,true,false,false,28,false,0
737,1661426821|-3600|-3600,"Fulham Broadway, Walham Green",51.47993289,-0.19411695,2,24,true,false,false,26,false,0
738,1661426821|-3600|-3600,"Imperial Road, Sands End",51.47514228,-0.187278987,18,18,true,false,false,37,false,0
739,1661426821|-3600|-3600,"Hortensia Road, West Brompton",51.48176572,-0.185273723,2,26,true,false,false,28,false,0
740,1661426821|-3600|-3600,"Sirdar Road, Avondale",51.51092871,-0.214594781,4,22,true,false,false,26,false,0
741,1661426821|-3600|-3600,"Freston Road, Avondale",51.5129814,-0.219486603,18,5,true,false,false,23,false,0
742,1661426821|-3600|-3600,"Blenheim Crescent, Ladbroke Grove",51.51510818,-0.208565479,5,17,true,false,false,22,false,0
743,1661426821|-3600|-3600,"Oxford Road, Putney",51.46079243,-0.212607684,29,0,true,false,false,29,false,0
744,1661426821|-3600|-3600,"Ingrave Street, Clapham Junction",51.46745485,-0.172293499,29,1,true,false,false,30,false,0
745,1661426821|-3600|-3600,"Upcerne Road, West Chelsea",51.47816972,-0.18243547,16,13,true,false,false,29,false,0
746,1661426821|-3600|-3600,"Lots Road, West Chelsea",51.4795738,-0.17903854,0,24,true,false,false,24,false,0
747,1661426821|-3600|-3600,"Ormonde Gate, Chelsea",51.48796408,-0.161765173,7,16,true,false,false,24,false,0
748,1661426821|-3600|-3600,"Hertford Road, De Beauvoir Town",51.53727795,-0.079201849,13,8,true,false,false,25,false,0
749,1661426821|-3600|-3600,"Haggerston Road, Haggerston",51.53932857,-0.074284675,26,1,true,false,false,37,false,0
750,1661426821|-3600|-3600,"Culvert Road, Battersea",51.4710956,-0.157850096,12,13,true,false,false,27,false,0
751,1661426821|-3600|-3600,"Newton Street, Covent Garden",51.51612862,-0.120909408,2,20,true,false,false,24,false,0
752,1661426821|-3600|-3600,"London Street, Paddington",51.515117,-0.17371276,10,8,true,false,false,19,false,0
754,1661426821|-3600|-3600,"Grenfell Road, Avondale",51.5129006,-0.214762686,5,19,true,false,false,24,false,0
755,1661426821|-3600|-3600,"The Vale, Chelsea",51.48512191,-0.174971902,10,14,true,false,false,24,false,0
756,1661426821|-3600|-3600,"Prince of Wales Drive, Battersea Park",51.47515398,-0.159169801,13,6,true,false,false,21,false,0
757,1661426821|-3600|-3600,"Harcourt Terrace, West Brompton",51.48795853,-0.187404506,21,2,true,false,false,24,false,0
758,1661426821|-3600|-3600,"Westbourne Park Road, Portobello",51.51787005,-0.201005397,4,19,true,false,false,23,false,0
759,1661426821|-3600|-3600,"Broadley Terrace, Marylebone",51.52456169,-0.165668686,6,12,true,false,false,18,false,0
761,1661426821|-3600|-3600,"Humbolt Road, Fulham",51.48321729,-0.211860644,16,10,true,false,false,26,false,0
762,1661426821|-3600|-3600,"Storey's Gate, Westminster",51.50070305,-0.129698963,13,8,true,false,false,21,false,0
763,1661426821|-3600|-3600,"Mile End Park Leisure Centre, Mile End",51.52059714,-0.032566533,33,13,true,false,false,47,false,0
764,1661426821|-3600|-3600,"St. John's Road, Clapham Junction",51.46239255,-0.16829214,32,1,true,false,false,33,false,0
765,1661426821|-3600|-3600,"Ranelagh Gardens, Fulham",51.46760141,-0.20682737,7,32,true,false,false,39,false,0
766,1661426821|-3600|-3600,"Ram Street, Wandsworth",51.45752945,-0.192165613,12,12,true,false,false,25,false,0
767,1661426821|-3600|-3600,"Santos Road, Wandsworth",51.45705988,-0.200806304,11,19,true,false,false,30,false,0
768,1661426821|-3600|-3600,"Clapham Common North Side, Clapham Common",51.46134382,-0.159322467,24,11,true,false,false,37,false,0
769,1661426821|-3600|-3600,"Sandilands Road, Walham Green",51.473611,-0.191803,12,8,true,false,false,21,false,0
770,1661426821|-3600|-3600,"Gwendwr Road, West Kensington",51.491026,-0.209121,21,9,true,false,false,30,false,0
771,1661426821|-3600|-3600,"Rifle Place, Avondale",51.509224,-0.216016,19,2,true,false,false,21,false,0
772,1661426821|-3600|-3600,"Binfield Road, Stockwell",51.47250956,-0.122831913,14,21,true,false,false,35,false,0
773,1661426821|-3600|-3600,"Tallis Street, Temple",51.511891,-0.107349,6,17,true,false,false,24,false,0
774,1661426821|-3600|-3600,"Hurlingham Park, Parsons Green",51.470131,-0.20464,18,2,true,false,false,20,false,0
775,1661426821|-3600|-3600,"Little Brook Green, Brook Green",51.496664,-0.223868,15,18,true,false,false,33,false,0
776,1661426821|-3600|-3600,"Abyssinia Close, Clapham Junction",51.460333,-0.167029,19,0,true,false,false,20,false,0
777,1661426821|-3600|-3600,"Limburg Road, Clapham Junction",51.4619230679,-0.165297856693,15,5,true,false,false,21,false,0
779,1661426821|-3600|-3600,"Houndsditch, Aldgate",51.514449,-0.077178979,6,22,true,false,false,28,false,0
780,1661426821|-3600|-3600,"Imperial Wharf Station, Sands End",51.474665,-0.18316517,17,8,true,false,false,25,false,0
781,1661426821|-3600|-3600,"Victoria &amp; Albert Museum, South Kensington",51.495898,-0.173009,0,29,true,false,false,30,false,0
782,1661426821|-3600|-3600,"Halford Road, West Kensington",51.483911,-0.19760944,13,7,true,false,false,24,false,0
783,1661426821|-3600|-3600,"Monier Road, Hackney Wick",51.5403115,-0.021630359,18,5,true,false,false,27,false,0
784,1661426821|-3600|-3600,"East Village, Queen Elizabeth Olympic Park",51.546326,-0.00993526,10,21,true,false,false,34,false,0
785,1661426821|-3600|-3600,"Aquatic Centre, Queen Elizabeth Olympic Park",51.54094,-0.010510565,24,34,true,false,false,64,false,0
786,1661426821|-3600|-3600,"Lee Valley VeloPark, Queen Elizabeth Olympic Park",51.549369,-0.015717614,24,17,true,false,false,44,false,0
787,1661426821|-3600|-3600,"Timber Lodge, Queen Elizabeth Olympic Park",51.546805,-0.01469126,2,33,true,false,false,35,false,0
788,1661426821|-3600|-3600,"Copper Box Arena, Queen Elizabeth Olympic Park",51.544909,-0.0205426,11,17,true,false,false,31,false,0
789,1661426821|-3600|-3600,"Podium, Queen Elizabeth Olympic Park",51.538718,-0.011889482,27,10,true,false,false,40,false,0
790,1661426821|-3600|-3600,"Stratford Station, Stratford",51.541793,-0.00481,8,15,true,false,false,28,false,0
792,1661426821|-3600|-3600,"Blackfriars Road, Southwark",51.505461,-0.10454093,4,37,true,false,false,42,false,0
793,1661426821|-3600|-3600,"Cromer Street, Bloomsbury",51.528279,-0.11955857,8,19,true,false,false,28,false,0
794,1661426821|-3600|-3600,"Victoria Rise, Clapham Common",51.461376,-0.14780467,13,9,true,false,false,23,false,0
795,1661426821|-3600|-3600,"Euston Square Gardens, Euston",51.527068,-0.13186102,16,13,true,false,false,30,false,0
796,1661426821|-3600|-3600,"Coram Street, Bloomsbury",51.524,-0.12640984,4,25,true,false,false,29,false,0
797,1661426821|-3600|-3600,"Ossulston Street, Somers Town",51.5293,-0.12827903,24,5,true,false,false,30,false,0
798,1661426821|-3600|-3600,"Birkenhead Street, King's Cross",51.5301998755,-0.122299440803,20,6,true,false,false,27,false,0
799,1661426821|-3600|-3600,"Kings Gate House, Westminster",51.4976984561,-0.137598896295,1,23,true,false,false,24,false,0
800,1661426821|-3600|-3600,"Sopwith Way, Battersea Park",51.4811219398,-0.149035374873,12,18,true,false,false,30,false,0
801,1661426821|-3600|-3600,"Lavington Street, Bankside",51.5052241745,-0.0980318118664,6,23,true,false,false,29,false,0
802,1661426821|-3600|-3600,"Albert Square, Stockwell",51.4765900593,-0.118256789081,15,17,true,false,false,32,false,0
803,1661426821|-3600|-3600,"Southwark Street, Bankside",51.5054099403,-0.0983410884509,4,19,true,false,false,23,false,0
804,1661426821|-3600|-3600,"Good's Way, King's Cross",51.5346677396,-0.125078652873,1,25,true,false,false,27,false,0
805,1661426821|-3600|-3600,"The Metropolitan, Portobello",51.520509,-0.20080483,16,1,true,false,false,18,false,0
806,1661426821|-3600|-3600,"Handyside Street, King's Cross",51.5372405623,-0.124807385707,8,16,true,false,false,27,false,0
807,1661426821|-3600|-3600,"Bevington Road West, North Kensington",51.5212,-0.208888173,10,14,true,false,false,24,false,0
808,1661426821|-3600|-3600,"Gauden Road, Clapham",51.464995,-0.13090885,23,4,true,false,false,28,false,0
809,1661426821|-3600|-3600,"Lincoln's Inn Fields, Holborn",51.5162778834,-0.118272991635,3,25,true,false,false,28,false,0
810,1661426821|-3600|-3600,"Tate Modern, Bankside",51.5067252868,-0.0988072461627,4,24,true,false,false,30,false,0
811,1661426821|-3600|-3600,"Westferry Circus, Canary Wharf",51.5057030357,-0.0277727426235,3,29,true,false,false,36,false,0
812,1661426821|-3600|-3600,"Here East North, Queen Elizabeth Olympic Park",51.5487311915,-0.0226065549321,8,18,true,false,false,28,false,0
813,1661426821|-3600|-3600,"New Spring Gardens Walk, Vauxhall",51.4878074485,-0.122759625866,6,31,true,false,false,37,false,0
814,1661426821|-3600|-3600,"Clapham Road, Lingham Street, Stockwell",51.4714330677,-0.123670735702,17,12,true,false,false,30,false,0
815,1661426821|-3600|-3600,"Lambeth Palace Road, Waterloo",51.5000891978,-0.116628700672,6,26,true,false,false,35,false,0
816,1661426821|-3600|-3600,"Here East South, Queen Elizabeth Olympic Park",51.5465327935,-0.0205975904647,23,4,true,false,false,28,false,0
817,1661426821|-3600|-3600,"Riverlight South, Nine Elms",51.4813354746,-0.138212295869,7,19,true,false,false,26,false,0
818,1661426821|-3600|-3600,"Westminster Pier, Westminster",51.501513,-0.12382322,11,11,true,false,false,27,false,0
819,1661426821|-3600|-3600,"Belvedere Road 2, South Bank",51.50621,-0.114842,31,5,true,false,false,38,false,0
820,1661426821|-3600|-3600,"Victory Place, Walworth",51.492807,-0.091938,16,7,true,false,false,24,false,0
821,1661426821|-3600|-3600,"Battersea Power Station, Battersea Park",51.4835074867,-0.147714557371,2,23,true,false,false,27,false,0
826,1661426821|-3600|-3600,"Allington Street, Victoria",51.496863,-0.1429434,0,25,true,false,false,28,false,0
827,1661426821|-3600|-3600,"Cranmer Road, Stockwell",51.479601,-0.11147178,20,1,true,false,false,24,false,0
828,1661426821|-3600|-3600,"Normandy Road, Stockwell",51.473874,-0.11258096,19,13,true,false,false,32,false,0
829,1661426821|-3600|-3600,"Wynne Road, Stockwell",51.469217,-0.11268674,17,8,true,false,false,25,false,0
830,1661426821|-3600|-3600,"Sidney Road, Stockwell",51.469202,-0.11902256,22,3,true,false,false,27,false,0
831,1661426821|-3600|-3600,"St John's Crescent, Brixton",51.466232,-0.11317995,6,18,true,false,false,25,false,0
832,1661426821|-3600|-3600,"Ferndale Road, Brixton",51.464019,-0.11578197,20,7,true,false,false,30,false,0
833,1661426821|-3600|-3600,"Saltoun Road, Brixton",51.460232,-0.11537509,17,24,true,false,false,42,false,0
834,1661426821|-3600|-3600,"Gas Holders, Battersea Park",51.477966,-0.14785703,6,18,true,false,false,26,false,0
835,1661426821|-3600|-3600,"Farringdon Street, Holborn",51.516785,-0.10494775,8,16,true,false,false,25,false,0
836,1661426821|-3600|-3600,"York Way, Kings Cross",51.541596,-0.12544145,8,16,true,false,false,24,false,0
838,1661426821|-3600|-3600,"Fore Street Avenue, Guildhall",51.518093,-0.0914017,4,19,true,false,false,25,false,0
839,1661426821|-3600|-3600,"Sea Containers, South Bank",51.508033,-0.10682363,3,22,true,false,false,30,false,0
840,1661426821|-3600|-3600,"George Row, Bermondsey",51.498585,-0.068981764,16,4,true,false,false,22,false,0
841,1661426821|-3600|-3600,"Tower Wharf, Bermondsey",51.500845,-0.074704305,12,6,true,false,false,20,false,0
842,1661426821|-3600|-3600,"Temple Gardens, Temple",51.510981,-0.10832249,2,18,true,false,false,24,false,0
844,1661426821|-3600|-3600,"Canada Water Station, Rotherhithe",51.498439,-0.049150215,33,0,true,false,false,35,false,0
845,1661426821|-3600|-3600,"Bermondsey Station, Bermondsey",51.497995,-0.063471392,24,6,true,false,false,30,false,0
846,1661426821|-3600|-3600,"Burgess Park Albany Road, Walworth",51.48224,-0.0942844,26,2,true,false,false,30,false,0
850,1661426821|-3600|-3600,"Brandon Street, Walworth",51.489102,-0.0915489,18,1,true,false,false,22,false,0
